Batch,20210517 clumped Brazil Antoine powders Nova Olinda fracture FMM,Collected on,2021/05/17 14:10:44,Analysis Instrument,PS019,Acquisition Software,Stable 1.71.5,Reanalyzed  on,2021/05/17 15:09:51,Reanalysis Instrument,PS019,Reanalysis Software,Stable 1.71.5


Data,Batch,Data,Sample,Method,Analysis,Batch,Time,Sample,Vial,Initial,Sample,ColdFinger,Transducer,InletPiraniPressure,Sample,MaxPumpOverPressure,RawPumpOverPressure,Sample,Min,Max,Pre-balance,Pre-depleted,Final,Final,Depletion,Balance,Balance,RefBellowsPos,SamBellowsPos,Pirani,Current,Num,CO,Cycle,Zero,Zero,Zero,Zero,Zero,Zero,Zero,Zero,Sam,Ref,Ave,Water,Water,Ave, StdDev, Min, Max, Started, Stopped, Num,Ref Major,Std,Rejected,Num,Sam Major,Std,Rejected,Num,Sample,Std,Rejected,Num,Sample,Std,Rejected,Num,Sample,Std,Rejected,Num,Sample,Std,Rejected,Num,Sample,Std,Rejected,Num,Ref,Std,Rejected,Num,Ref,Std,Rejected,Num,Ref,Std,Rejected,Num,Ref,Std,Rejected,Num,Ref,Std,Rejected,Num,Raw,Std,Rejected,Num,Raw,Std,Rejected,Num,Raw,Std,Rejected,Num,Raw,Std,Rejected,Num,Raw,Std,Rejected,Num,Delta(13),Std,Rejected,Num,Delta(18),Std,Rejected,Num,DELTA,Std,Rejected,Num,DELTA,Std,Rejected,Num,DELTA,Std,Rejected,Num,
Dir  ,Name  ,File  ,Name  , , ,Started  ,Collected  ,Weight  ,Location  ,Sam Beam  ,Yield  ,Status  ,Pressure  , ,Chops  , , ,Operations  ,Ref Beam  ,Ref Beam  ,Sam Beam  ,Ref Beam  ,Sam Beam  ,Ref Beam  ,Factor ,End  ,% , , ,Pressure  ,Mass  ,CO Cycles   ,Delay Time  ,Length  ,Length   ,Offset  ,Beams (0) ,Beams (1) ,Beams (2) ,Beams (3) ,Beams (4) ,Beams (5) ,Depletion  ,Depletion  ,Temperature  ,Trap Temperature Hot ,Trap Temperature Cold ,Temp, , ,,,,,Signal(44),Dev,,,Signal(44),Dev,,,Ratio(45/44),Dev,,,Ratio(46/44),Dev,,,Ratio(47/44),Dev,,,Ratio(48/44),Dev,,,Ratio(49/44),Dev,,,Ratio(45/44),Dev,,,Ratio(46/44),Dev,,,Ratio(47/44),Dev,,,Ratio(48/44),Dev,,,Ratio(49/44),Dev,,,Delta(45/44),Err,,,Delta(46/44),Err,,,Delta(47/44),Err,,,Delta(48/44),Err,,,Delta(49/44),Err,,,wrt PDB,Err,,,wrt PDB,Err,,,47,Err,,,48,Err,,,49,Err,,,

C:\Nu Stable\Results\2021\20210517 clumped Brazil Antoine powders Nova Olinda fracture FMM,20210517 clumped Brazil Antoine powders Nova Olinda fracture FMM,Data_13648 ETH-01.txt,ETH-01,C:\Nu Stable\Analyses\DI\CO2 20-6-20 clumped NuCarb.rdf,Clumped CO2 Iterative,2021/05/17 14:10:44,2021/05/17 14:10:44,485,1,1.7655e-07,3.640222E-10,CF,25.635,3.398e-02,1,3.5546e-02,14912, InitialisePrepSampleRun; CheckIfCFRequired; UseCF; SampleTrapped; Chop_CF_SamSub; SampleTrapped; BalanceRefToSamValue; DepletingBalance; SampleReady;,3.9698e-08,1.0559e-07,7.3125e-08,7.3368e-08,7.3334e-08,7.3060e-08,0.96,2021/05/17 14:09:58,0.38,5455,8450,3.3983e-02,46.013,20,8,20,20,0.000,-3.3089e-13,-1.4960e-13,-1.6796e-13,-8.8878e-14,3.5226e-14,7.1669e-12,21.00,22.00,72.32,-1.95e02,-1.55e02,72.32,0.14,71.89,72.39,2021/05/17 13:13:00,2021/05/17 14:10:24,116,4.69015e-08,0.000,0,63,4.66491e-08,1.47013e-09,0,60,1.20302e-02,1.18725e-07,0,60,4.2535e-03,3.2144e-08,0,60,4.9657e-05,3.0890e-09,0,60,4.7533e-06,9.0237e-10,0,60,8.1866e-08,1.0974e-09,0,60,1.1972e-02,1.1508e-07,0,63,4.2053e-03,3.1084e-08,0,63,4.8891e-05,3.1590e-09,0,63,4.6484e-06,8.8726e-10,0,63,8.1484e-08,1.1305e-09,0,63,4.8434,0.0007,0,60,11.4675,0.0018,0,60,15.6815,0.0123,0,60,22.5557,0.0470,0,60,4.6318,4.0634,0,60,1.8683,0.0008,0,60,5.5015,0.0018,0,60,-0.6409,0.0117,0,60,-0.4993,0.0463,0,60,-22.6854,3.9529,0,60,
C:\Nu Stable\Results\2021\20210517 clumped Brazil Antoine powders Nova Olinda fracture FMM,20210517 clumped Brazil Antoine powders Nova Olinda fracture FMM,Data_13649 ETH-03.txt,ETH-03,C:\Nu Stable\Analyses\DI\CO2 20-6-20 clumped NuCarb.rdf,Clumped CO2 Iterative,2021/05/17 14:10:44,2021/05/17 15:33:10,544,2,2.0212e-07,3.715368E-10,CF,29.327,3.177e-02,1,2.9694e-02,14816, InitialisePrepSampleRun; CheckIfCFRequired; UseCF; SampleTrapped; Chop_CF_SamSub; SampleTrapped; BalanceRefToSamValue; DepletingBalance; SampleReady;,3.8793e-08,1.0596e-07,8.3659e-08,8.3149e-08,8.3066e-08,8.2819e-08,0.96,2021/05/17 15:32:25,0.30,4943,8447,3.1766e-02,46.011,20,8,20,20,0.000,-3.2999e-13,-1.4981e-13,-1.6733e-13,-8.2283e-14,5.2053e-14,8.3220e-12,22.00,22.00,72.39,-1.95e02,-1.68e02,72.39,0.00,72.39,72.39,2021/05/17 14:34:17,2021/05/17 15:13:54,79,5.22118e-08,0.000,0,63,5.18694e-08,1.69775e-09,0,60,1.20275e-02,1.82351e-07,0,60,4.2564e-03,6.8332e-08,0,60,4.9699e-05,3.1172e-09,0,60,4.7568e-06,6.7292e-10,0,60,8.2831e-08,2.1235e-09,0,60,1.1973e-02,1.7644e-07,0,63,4.2058e-03,6.4510e-08,0,63,4.8901e-05,3.0717e-09,0,63,4.6464e-06,6.6124e-10,0,63,8.3155e-08,2.1397e-09,0,63,4.5785,0.0009,0,60,12.0267,0.0017,0,60,16.3009,0.0095,0,60,23.7595,0.0501,0,60,-1.2617,2.5767,0,60,1.5671,0.0009,0,60,6.0586,0.0016,0,60,-0.3038,0.0086,0,60,-0.4283,0.0488,0,60,-29.2025,2.5045,0,60,
C:\Nu Stable\Results\2021\20210517 clumped Brazil Antoine powders Nova Olinda fracture FMM,20210517 clumped Brazil Antoine powders Nova Olinda fracture FMM,Data_13650 ETH-02.txt,ETH-02,C:\Nu Stable\Analyses\DI\CO2 20-6-20 clumped NuCarb.rdf,Clumped CO2 Iterative,2021/05/17 14:10:44,2021/05/17 16:55:35,391,3,1.2999e-07,3.324627E-10,CF,19.531,3.249e-02,1,3.1060e-02,14752, InitialisePrepSampleRun; CheckIfCFRequired; UseCF; SampleTrapped; Chop_CF_SamSub; SampleTrapped; BalanceRefToSamValue; DepletingBalance; SampleReady;,3.8020e-08,1.0558e-07,5.4815e-08,5.5096e-08,5.5045e-08,5.4915e-08,0.96,2021/05/17 16:54:50,0.24,6456,8446,3.2488e-02,46.011,20,8,20,20,0.000,-3.2644e-13,-1.4892e-13,-1.6588e-13,-8.3678e-14,4.6223e-14,7.9152e-12,20.00,20.00,72.39,-1.95e02,-1.67e02,72.39,0.00,72.39,72.39,2021/05/17 15:56:39,2021/05/17 16:36:21,79,3.65738e-08,0.000,0,63,3.62637e-08,1.05893e-09,0,60,1.18867e-02,1.02230e-07,0,60,4.1837e-03,3.4599e-08,0,60,4.8305e-05,3.6364e-09,0,60,4.6112e-06,1.3963e-09,0,60,8.9427e-08,2.3479e-09,0,60,1.1971e-02,1.0418e-07,0,63,4.2051e-03,3.7027e-08,0,63,4.8934e-05,3.6765e-09,0,63,4.6591e-06,1.3662e-09,0,63,9.2085e-08,2.2975e-09,0,63,-7.0352,0.0009,0,60,-5.1058,0.0014,0,60,-12.8506,0.0131,0,60,-10.2779,0.0739,0,60,-29.4057,3.3400,0,60,-10.1998,0.0009,0,60,-10.9657,0.0014,0,60,-0.6200,0.0135,0,60,-0.0934,0.0742,0,60,-12.1949,3.3986,0,60,
C:\Nu Stable\Results\2021\20210517 clumped Brazil Antoine powders Nova Olinda fracture FMM,20210517 clumped Brazil Antoine powders Nova Olinda fracture FMM,Data_13651 ETH-04.txt,ETH-04,C:\Nu Stable\Analyses\DI\CO2 20-6-20 clumped NuCarb.rdf,Clumped CO2 Iterative,2021/05/17 14:10:44,2021/05/17 18:17:50,529,4,2.0383e-08,3.853062E-11,CF,0.458,3.249e-02,0,3.1766e-02,14752, InitialisePrepSampleRun; CheckIfCFRequired; UseCF; SampleTrapped; BalanceRefToSamValue; SampleReady; (BeamTooBig_RunningMisBalanced) ;,3.7403e-08,1.0603e-07,1.9568e-08,8.3149e-08,8.3066e-08,8.2819e-08,0.96,2021/05/17 18:16:52,-47.77,8397,8446,3.2488e-02,46.011,20,8,20,20,0.000,-3.2469e-13,-1.4829e-13,-1.6482e-13,-8.6618e-14,3.9947e-14,7.2607e-12,26.00,28.00,72.39,-1.95e02,-1.73e02,72.39,0.00,72.39,72.39,2021/05/17 17:19:04,2021/05/17 17:58:45,79,2.10097e-08,0.000,0,63,1.12298e-08,4.41829e-10,0,60,1.18795e-02,2.31139e-07,0,60,4.1802e-03,1.4499e-07,0,60,4.8362e-05,5.2626e-09,0,60,4.6475e-06,4.3442e-09,0,60,2.0944e-07,1.5757e-08,0,60,1.1968e-02,1.9787e-07,0,63,4.2036e-03,1.1521e-07,0,63,4.8967e-05,3.6786e-09,0,63,4.6709e-06,2.7654e-09,0,63,1.4285e-07,8.5529e-09,0,63,-7.3779,0.0032,0,60,-5.5598,0.0078,0,60,-12.3562,0.0428,0,60,-5.0044,0.3896,0,60,391.0675,24.7863,0,60,-10.5488,0.0032,0,60,-11.4168,0.0078,0,60,0.6858,0.0470,0,60,6.1528,0.4012,0,60,417.5489,25.2778,0,60,
C:\Nu Stable\Results\2021\20210517 clumped Brazil Antoine powders Nova Olinda fracture FMM,20210517 clumped Brazil Antoine powders Nova Olinda fracture FMM,Data_13652 MERCK.txt,MERCK,C:\Nu Stable\Analyses\DI\CO2 20-6-20 clumped NuCarb.rdf,Clumped CO2 Iterative,2021/05/17 14:10:44,2021/05/17 19:39:57,408,5,1.4528e-07,3.560841E-10,CF,21.606,3.177e-02,1,3.1766e-02,14784, InitialisePrepSampleRun; CheckIfCFRequired; UseCF; SampleTrapped; Chop_CF_SamSub; SampleTrapped; BalanceRefToSamValue; DepletingBalance; SampleReady;,3.7072e-08,1.0552e-07,6.0926e-08,6.1176e-08,6.1124e-08,6.0993e-08,0.96,2021/05/17 19:39:12,0.22,5898,8446,3.1766e-02,46.011,20,8,20,20,0.000,-3.2062e-13,-1.4672e-13,-1.6283e-13,-8.2752e-14,4.4793e-14,7.5397e-12,20.00,21.00,72.39,-1.95e02,-1.73e02,72.39,0.00,72.39,72.39,2021/05/17 18:41:32,2021/05/17 19:21:00,79,4.00823e-08,0.000,0,63,3.97433e-08,1.19528e-09,0,60,1.15294e-02,8.58272e-08,0,60,4.1960e-03,2.8169e-08,0,60,4.6951e-05,3.7122e-09,0,60,4.6372e-06,1.4505e-09,0,60,8.8584e-08,1.9637e-09,0,60,1.1971e-02,9.3700e-08,0,63,4.2050e-03,2.9047e-08,0,63,4.8928e-05,3.7243e-09,0,63,4.6575e-06,1.3996e-09,0,63,9.2817e-08,1.9817e-09,0,63,-36.8684,0.0010,0,60,-2.1605,0.0015,0,60,-40.4092,0.0108,0,60,-4.3604,0.0558,0,60,-45.4928,3.2314,0,60,-42.0526,0.0011,0,60,-7.9697,0.0015,0,60,-0.3883,0.0113,0,60,-0.0446,0.0559,0,60,-2.3198,3.3775,0,60,
C:\Nu Stable\Results\2021\20210517 clumped Brazil Antoine powders Nova Olinda fracture FMM,20210517 clumped Brazil Antoine powders Nova Olinda fracture FMM,Data_13653 30-RJS-5159.1A.txt,30-RJS-5159.1A,C:\Nu Stable\Analyses\DI\CO2 20-6-20 clumped NuCarb.rdf,Clumped CO2 Iterative,2021/05/17 14:10:44,2021/05/17 21:02:05,514,6,1.7109e-07,3.328596E-10,CF,25.268,3.177e-02,1,3.1766e-02,14752, InitialisePrepSampleRun; CheckIfCFRequired; UseCF; SampleTrapped; Chop_CF_SamSub; SampleTrapped; BalanceRefToSamValue; DepletingBalance; SampleReady;,3.6418e-08,1.0576e-07,7.1072e-08,7.1260e-08,7.1220e-08,7.0981e-08,0.96,2021/05/17 21:01:19,0.34,5242,8446,3.1766e-02,46.007,20,8,20,20,0.000,-3.1855e-13,-1.4596e-13,-1.6185e-13,-7.9073e-14,5.2428e-14,8.0958e-12,21.00,22.00,72.39,-1.95e02,-1.72e02,72.39,0.00,72.39,72.39,2021/05/17 20:03:38,2021/05/17 20:43:08,79,4.57625e-08,0.000,0,63,4.54174e-08,1.42593e-09,0,60,1.20445e-02,1.02307e-07,0,60,4.2623e-03,2.5820e-08,0,60,4.9862e-05,3.6563e-09,0,60,4.7772e-06,1.5431e-09,0,60,8.3650e-08,2.4945e-09,0,60,1.1971e-02,9.2633e-08,0,63,4.2052e-03,2.0430e-08,0,63,4.8918e-05,3.6821e-09,0,63,4.6524e-06,1.5375e-09,0,63,8.3912e-08,2.5777e-09,0,63,6.1303,0.0011,0,60,13.5683,0.0019,0,60,19.3161,0.0116,0,60,26.8408,0.0544,0,60,0.2549,3.0542,0,60,3.1655,0.0011,0,60,7.5893,0.0018,0,60,-0.4297,0.0109,0,60,-0.4672,0.0521,0,60,-32.2247,2.9535,0,60,
C:\Nu Stable\Results\2021\20210517 clumped Brazil Antoine powders Nova Olinda fracture FMM,20210517 clumped Brazil Antoine powders Nova Olinda fracture FMM,Data_13654 30-RJS-5159.1B.txt,30-RJS-5159.1B,C:\Nu Stable\Analyses\DI\CO2 20-6-20 clumped NuCarb.rdf,Clumped CO2 Iterative,2021/05/17 14:10:44,2021/05/17 22:24:21,530,7,1.9038e-07,3.591993E-10,CF,27.923,3.177e-02,1,3.1766e-02,14752, InitialisePrepSampleRun; CheckIfCFRequired; UseCF; SampleTrapped; Chop_CF_SamSub; SampleTrapped; BalanceRefToSamValue; DepletingBalance; SampleReady;,3.5735e-08,1.0544e-07,7.8808e-08,7.8507e-08,7.8425e-08,7.8233e-08,0.96,2021/05/17 22:23:36,0.24,4848,8446,3.1766e-02,46.009,20,8,20,20,0.000,-3.1500e-13,-1.4454e-13,-1.6000e-13,-7.5728e-14,5.7435e-14,8.2979e-12,22.00,22.00,72.39,-1.95e02,-1.71e02,72.39,0.00,72.39,72.39,2021/05/17 21:25:53,2021/05/17 22:05:15,79,4.97452e-08,0.000,0,63,4.93454e-08,1.59075e-09,0,60,1.20501e-02,1.19757e-07,0,60,4.2698e-03,4.3529e-08,0,60,4.9970e-05,2.6719e-09,0,60,4.7946e-06,9.2498e-10,0,60,7.8167e-08,1.1255e-09,0,60,1.1971e-02,1.1438e-07,0,63,4.2054e-03,3.8772e-08,0,63,4.8918e-05,2.8035e-09,0,63,4.6534e-06,8.7628e-10,0,63,7.8064e-08,1.1486e-09,0,63,6.5750,0.0009,0,60,15.3152,0.0020,0,60,21.5000,0.0104,0,60,30.3366,0.0506,0,60,2.3484,3.2233,0,60,3.5786,0.0009,0,60,9.3268,0.0020,0,60,-0.4396,0.0093,0,60,-0.5126,0.0495,0,60,-33.9327,3.1061,0,60,
C:\Nu Stable\Results\2021\20210517 clumped Brazil Antoine powders Nova Olinda fracture FMM,20210517 clumped Brazil Antoine powders Nova Olinda fracture FMM,Data_13655 30-RJS-5159.1C.txt,30-RJS-5159.1C,C:\Nu Stable\Analyses\DI\CO2 20-6-20 clumped NuCarb.rdf,Clumped CO2 Iterative,2021/05/17 14:10:44,2021/05/17 23:46:38,461,8,1.0832e-08,2.349648E-11,CF,0.305,3.177e-02,0,3.1060e-02,14752, InitialisePrepSampleRun; CheckIfCFRequired; UseCF; SampleTrapped; BalanceRefToSamValue; SampleReady; (BeamTooBig_RunningMisBalanced) ;,3.5048e-08,1.0585e-07,1.0396e-08,7.1260e-08,7.1220e-08,7.0981e-08,0.96,2021/05/17 23:45:41,-70.09,8398,8444,3.1766e-02,46.009,20,8,20,20,0.000,-3.1341e-13,-1.4378e-13,-1.5910e-13,-8.1223e-14,4.5168e-14,7.3296e-12,25.00,28.00,72.39,-1.95e02,-1.60e02,72.39,0.00,72.39,72.39,2021/05/17 22:48:00,2021/05/17 23:27:31,79,1.98378e-08,0.000,0,63,6.34473e-09,2.25781e-10,0,60,1.20431e-02,2.11280e-07,0,60,4.2647e-03,1.5659e-07,0,60,5.0094e-05,9.9250e-09,0,60,4.8845e-06,8.4816e-09,0,60,3.0561e-07,2.3439e-08,0,60,1.1967e-02,1.9059e-07,0,63,4.2031e-03,1.1302e-07,0,63,4.8967e-05,3.6360e-09,0,63,4.6780e-06,3.2456e-09,0,63,1.4089e-07,7.8611e-09,0,63,6.3868,0.0026,0,60,14.6404,0.0103,0,60,23.0104,0.1305,0,60,44.1032,1.1005,0,60,1013.7749,53.0298,0,60,3.4016,0.0025,0,60,8.6556,0.0102,0,60,1.8867,0.1355,0,60,14.1905,1.0843,0,60,943.8711,51.2201,0,60,
C:\Nu Stable\Results\2021\20210517 clumped Brazil Antoine powders Nova Olinda fracture FMM,20210517 clumped Brazil Antoine powders Nova Olinda fracture FMM,Data_13656 ETH-03.txt,ETH-03,C:\Nu Stable\Analyses\DI\CO2 20-6-20 clumped NuCarb.rdf,Clumped CO2 Iterative,2021/05/17 14:10:44,2021/05/18 01:08:57,470,9,1.9898e-08,4.233687E-11,CF,0.549,3.177e-02,0,3.1060e-02,14752, InitialisePrepSampleRun; CheckIfCFRequired; UseCF; SampleTrapped; BalanceRefToSamValue; SampleReady; (BeamTooBig_RunningMisBalanced) ;,3.4670e-08,1.0562e-07,1.9100e-08,7.8507e-08,7.8425e-08,7.8233e-08,0.96,2021/05/18 01:08:00,-45.05,8396,8449,3.1766e-02,46.009,20,8,20,20,0.000,-3.0940e-13,-1.4237e-13,-1.5719e-13,-8.1852e-14,4.1109e-14,6.8718e-12,26.00,28.00,72.39,-1.95e02,-1.59e02,72.39,0.00,72.39,72.39,2021/05/18 00:10:17,2021/05/18 00:49:48,78,1.96700e-08,0.000,0,63,1.09640e-08,4.29385e-10,0,60,1.20211e-02,2.26461e-07,0,60,4.2542e-03,1.6376e-07,0,60,4.9714e-05,1.0664e-08,0,60,4.7384e-06,9.2278e-09,0,60,-3.8673e-08,2.1254e-08,0,60,1.1967e-02,1.8913e-07,0,63,4.2031e-03,1.1351e-07,0,63,4.8908e-05,5.6718e-09,0,63,4.6311e-06,4.7177e-09,0,63,5.0234e-09,1.1599e-08,0,63,4.5487,0.0033,0,60,12.1563,0.0114,0,60,16.4772,0.1049,0,60,23.0549,0.9644,0,60,-2734.2481,3168.1867,0,60,1.5310,0.0031,0,60,6.1876,0.0114,0,60,-0.2258,0.0914,0,60,-1.3729,0.9243,0,60,-2685.7965,3079.3792,0,60,
C:\Nu Stable\Results\2021\20210517 clumped Brazil Antoine powders Nova Olinda fracture FMM,20210517 clumped Brazil Antoine powders Nova Olinda fracture FMM,Data_13657 ETH-02.txt,ETH-02,C:\Nu Stable\Analyses\DI\CO2 20-6-20 clumped NuCarb.rdf,Clumped CO2 Iterative,2021/05/17 14:10:44,2021/05/18 02:31:11,413,10,1.4063e-07,3.405178E-10,CF,21.057,3.249e-02,1,3.1766e-02,14752, InitialisePrepSampleRun; CheckIfCFRequired; UseCF; SampleTrapped; Chop_CF_SamSub; SampleTrapped; BalanceRefToSamValue; DepletingBalance; SampleReady;,3.4324e-08,1.0533e-07,5.9038e-08,5.9288e-08,5.9246e-08,5.9104e-08,0.96,2021/05/18 02:30:26,0.24,5698,8450,3.2488e-02,46.009,20,8,20,20,0.000,-3.1611e-13,-1.4521e-13,-1.6018e-13,-8.1847e-14,4.6009e-14,7.3788e-12,20.00,21.00,72.39,-1.95e02,-1.69e02,72.39,0.00,72.39,72.39,2021/05/18 01:32:35,2021/05/18 02:12:07,79,3.89989e-08,0.000,0,63,3.87037e-08,1.15350e-09,0,60,1.18866e-02,8.05201e-08,0,60,4.1837e-03,2.4653e-08,0,60,4.8234e-05,2.4590e-09,0,60,4.5538e-06,3.2947e-09,0,60,-3.3887e-08,8.5093e-09,0,60,1.1971e-02,7.8128e-08,0,63,4.2050e-03,2.6268e-08,0,63,4.8865e-05,2.3148e-09,0,63,4.6018e-06,3.1887e-09,0,63,-2.9177e-08,8.1181e-09,0,63,-7.0170,0.0007,0,60,-5.0619,0.0012,0,60,-12.9117,0.0125,0,60,-10.4499,0.0556,0,60,-10.3170,59.3834,0,60,-10.1820,0.0007,0,60,-10.9220,0.0012,0,60,-0.7441,0.0124,0,60,-0.3554,0.0560,0,60,7.1225,60.4305,0,60,
C:\Nu Stable\Results\2021\20210517 clumped Brazil Antoine powders Nova Olinda fracture FMM,20210517 clumped Brazil Antoine powders Nova Olinda fracture FMM,Data_13658 30-RJS-5159.1D.txt,30-RJS-5159.1D,C:\Nu Stable\Analyses\DI\CO2 20-6-20 clumped NuCarb.rdf,Clumped CO2 Iterative,2021/05/17 14:10:44,2021/05/18 04:00:29,635,11,4.1431e-08,6.524625E-11,CF,5.249,3.476e-02,0,3.2488e-02,14784, InitialisePrepSampleRun; CheckIfCFRequired; UseCF; SampleTrapped; BalanceRefToSamValue; SampleReady; (BeamTooBig_RunningMisBalanced) ;,4.2441e-08,1.0579e-07,3.9787e-08,7.8507e-08,7.8425e-08,7.8233e-08,0.96,2021/05/18 03:59:31,-7.80,8397,8448,3.4756e-02,46.009,20,8,20,20,0.000,-3.2378e-13,-1.4871e-13,-1.6448e-13,-8.5890e-14,4.0680e-14,7.3761e-12,29.00,28.00,72.39,-1.95e02,-1.58e02,72.39,0.00,72.39,72.39,2021/05/18 02:54:47,2021/05/18 03:34:21,79,2.33752e-08,0.000,0,63,2.06548e-08,9.32871e-10,0,60,1.20492e-02,2.31714e-07,0,60,4.2708e-03,1.4665e-07,0,60,4.9988e-05,5.8958e-09,0,60,4.7497e-06,5.2331e-09,0,60,-2.6032e-08,9.6264e-09,0,60,1.1969e-02,1.9438e-07,0,63,4.2044e-03,1.0755e-07,0,63,4.8907e-05,3.9880e-09,0,63,4.6081e-06,4.0708e-09,0,63,-1.3223e-08,7.8652e-09,0,63,6.6991,0.0028,0,60,15.7972,0.0084,0,60,22.1062,0.0405,0,60,30.6919,0.2452,0,60,176.1695,216.1660,0,60,3.6941,0.0027,0,60,9.8062,0.0084,0,60,-0.4405,0.0307,0,60,-1.1167,0.2246,0,60,132.4191,208.1289,0,60,
C:\Nu Stable\Results\2021\20210517 clumped Brazil Antoine powders Nova Olinda fracture FMM,20210517 clumped Brazil Antoine powders Nova Olinda fracture FMM,Data_13659 30-RJS-5159.1E.txt,30-RJS-5159.1E,C:\Nu Stable\Analyses\DI\CO2 20-6-20 clumped NuCarb.rdf,Clumped CO2 Iterative,2021/05/17 14:10:44,2021/05/18 05:22:45,450,12,1.4861e-07,3.302458E-10,CF,22.400,3.249e-02,1,3.2488e-02,14816, InitialisePrepSampleRun; CheckIfCFRequired; UseCF; SampleTrapped; Chop_CF_SamSub; SampleTrapped; BalanceRefToSamValue; DepletingBalance; SampleReady;,4.2005e-08,1.0554e-07,6.2214e-08,6.2493e-08,6.2446e-08,6.2287e-08,0.96,2021/05/18 05:22:00,0.25,6347,8448,3.2488e-02,46.013,20,8,20,20,0.000,-3.2794e-13,-1.5090e-13,-1.6644e-13,-8.6031e-14,4.3505e-14,7.6863e-12,21.00,21.00,72.39,-1.95e02,-1.64e02,72.39,0.00,72.39,72.39,2021/05/18 04:23:54,2021/05/18 05:03:39,80,4.08234e-08,0.000,0,63,4.05417e-08,1.22541e-09,0,60,1.20514e-02,8.43504e-08,0,60,4.2735e-03,2.7944e-08,0,60,5.0005e-05,1.8222e-09,0,60,4.7866e-06,2.9365e-10,0,60,4.0669e-08,1.6177e-09,0,60,1.1972e-02,7.9668e-08,0,63,4.2058e-03,2.3224e-08,0,63,4.8915e-05,1.9046e-09,0,63,4.6381e-06,2.8764e-10,0,63,4.1945e-08,1.5103e-09,0,63,6.6432,0.0008,0,60,16.0845,0.0022,0,60,22.2787,0.0112,0,60,32.0176,0.0645,0,60,-37.9834,8.7347,0,60,3.6247,0.0009,0,60,10.0922,0.0021,0,60,-0.4928,0.0105,0,60,-0.3972,0.0628,0,60,-74.2520,8.4047,0,60,
C:\Nu Stable\Results\2021\20210517 clumped Brazil Antoine powders Nova Olinda fracture FMM,20210517 clumped Brazil Antoine powders Nova Olinda fracture FMM,Data_13660 30-RJS-5159.1F.txt,30-RJS-5159.1F,C:\Nu Stable\Analyses\DI\CO2 20-6-20 clumped NuCarb.rdf,Clumped CO2 Iterative,2021/05/17 14:10:44,2021/05/18 06:44:59,454,13,1.5226e-07,3.35374E-10,CF,22.522,3.249e-02,1,3.2488e-02,14784, InitialisePrepSampleRun; CheckIfCFRequired; UseCF; SampleTrapped; Chop_CF_SamSub; SampleTrapped; BalanceRefToSamValue; DepletingBalance; SampleReady;,4.1362e-08,1.0605e-07,6.3633e-08,6.3875e-08,6.3823e-08,6.3694e-08,0.96,2021/05/18 06:44:13,0.20,6189,8448,3.2488e-02,46.013,20,8,20,20,0.000,-3.2807e-13,-1.5080e-13,-1.6663e-13,-8.4486e-14,4.6635e-14,7.9277e-12,21.00,21.00,72.39,-1.95e02,-1.61e02,72.39,0.00,72.39,72.39,2021/05/18 05:46:23,2021/05/18 06:25:54,79,4.16378e-08,0.000,0,63,4.13260e-08,1.25519e-09,0,60,1.20507e-02,8.74948e-08,0,60,4.2733e-03,3.0137e-08,0,60,5.0026e-05,3.5008e-09,0,60,4.7983e-06,1.5021e-09,0,60,8.7625e-08,2.3818e-09,0,60,1.1972e-02,8.2961e-08,0,63,4.2058e-03,2.3740e-08,0,63,4.8941e-05,3.6066e-09,0,63,4.6505e-06,1.4736e-09,0,63,8.8138e-08,2.2805e-09,0,63,6.5902,0.0009,0,60,16.0345,0.0022,0,60,22.1751,0.0128,0,60,31.7807,0.0580,0,60,-6.1920,3.4185,0,60,3.5701,0.0010,0,60,10.0425,0.0022,0,60,-0.4914,0.0119,0,60,-0.5282,0.0561,0,60,-43.5126,3.2901,0,60,
C:\Nu Stable\Results\2021\20210517 clumped Brazil Antoine powders Nova Olinda fracture FMM,20210517 clumped Brazil Antoine powders Nova Olinda fracture FMM,Data_13661 ETH-01.txt,ETH-01,C:\Nu Stable\Analyses\DI\CO2 20-6-20 clumped NuCarb.rdf,Clumped CO2 Iterative,2021/05/17 14:10:44,2021/05/18 08:06:24,530,14,1.9772e-07,3.730525E-10,CF,28.870,3.249e-02,1,3.2488e-02,14784, InitialisePrepSampleRun; CheckIfCFRequired; UseCF; SampleTrapped; Chop_CF_SamSub; SampleTrapped; BalanceRefToSamValue; DepletingBalance; SampleReady;,4.0640e-08,1.0592e-07,8.1827e-08,8.2547e-08,8.2483e-08,8.2264e-08,0.96,2021/05/18 08:05:39,0.27,5131,8448,3.2488e-02,46.013,20,8,20,20,0.000,-3.2735e-13,-1.5038e-13,-1.6604e-13,-8.1098e-14,5.2106e-14,8.3399e-12,22.00,22.00,72.39,-1.95e02,-1.64e02,72.39,0.00,72.39,72.39,2021/05/18 07:08:36,2021/05/18 07:48:01,78,5.19136e-08,0.000,0,63,5.16520e-08,1.68860e-09,0,60,1.20310e-02,1.28461e-07,0,60,4.2549e-03,5.1932e-08,0,60,4.9685e-05,2.1270e-09,0,60,4.7412e-06,4.1875e-10,0,60,5.6730e-08,4.3991e-10,0,60,1.1973e-02,1.2386e-07,0,63,4.2061e-03,4.8354e-08,0,63,4.8913e-05,2.0546e-09,0,63,4.6351e-06,4.0764e-10,0,63,5.7867e-08,4.1767e-10,0,63,4.8760,0.0008,0,60,11.6042,0.0015,0,60,15.7775,0.0123,0,60,22.8872,0.0547,0,60,-19.0707,4.7007,0,60,1.8983,0.0008,0,60,5.6374,0.0015,0,60,-0.7128,0.0119,0,60,-0.4455,0.0536,0,60,-46.0300,4.5716,0,60,
C:\Nu Stable\Results\2021\20210517 clumped Brazil Antoine powders Nova Olinda fracture FMM,20210517 clumped Brazil Antoine powders Nova Olinda fracture FMM,Data_13662 ETH-04.txt,ETH-04,C:\Nu Stable\Analyses\DI\CO2 20-6-20 clumped NuCarb.rdf,Clumped CO2 Iterative,2021/05/17 14:10:44,2021/05/18 09:28:55,498,15,9.2615e-09,1.859746E-11,CF,0.336,3.249e-02,0,3.1766e-02,14752, InitialisePrepSampleRun; CheckIfCFRequired; UseCF; SampleTrapped; BalanceRefToSamValue; SampleReady; (BeamTooBig_RunningMisBalanced) ;,3.9887e-08,1.0584e-07,8.8881e-09,6.3875e-08,6.3823e-08,6.3694e-08,0.96,2021/05/18 09:27:57,-77.59,8398,8448,3.2488e-02,46.009,20,8,20,20,0.000,-3.2681e-13,-1.5062e-13,-1.6577e-13,-8.6743e-14,4.0931e-14,7.4887e-12,24.00,28.00,72.39,-1.95e02,-1.60e02,72.39,0.00,72.39,72.39,2021/05/18 08:30:42,2021/05/18 09:09:34,77,2.21854e-08,0.000,0,63,5.49035e-09,1.90155e-10,0,60,1.18792e-02,1.71862e-07,0,60,4.1792e-03,1.2429e-07,0,60,4.8416e-05,9.8968e-09,0,60,4.7347e-06,9.7962e-09,0,60,3.3410e-07,2.8033e-08,0,60,1.1968e-02,1.7420e-07,0,63,4.2040e-03,1.0489e-07,0,63,4.8967e-05,3.2361e-09,0,63,4.6822e-06,3.0348e-09,0,63,1.3490e-07,7.5444e-09,0,63,-7.4632,0.0026,0,60,-5.8990,0.0061,0,60,-11.2447,0.1403,0,60,11.1865,1.4406,0,60,1247.7629,76.3378,0,60,-10.6277,0.0027,0,60,-11.7542,0.0061,0,60,2.2371,0.1442,0,60,23.2234,1.4641,0,60,1292.2992,77.8632,0,60,
C:\Nu Stable\Results\2021\20210517 clumped Brazil Antoine powders Nova Olinda fracture FMM,20210517 clumped Brazil Antoine powders Nova Olinda fracture FMM,Data_13663 30-RJS-5166.25A.txt,30-RJS-5166.25A,C:\Nu Stable\Analyses\DI\CO2 20-6-20 clumped NuCarb.rdf,Clumped CO2 Iterative,2021/05/17 14:10:44,2021/05/18 10:49:19,536,16,7.5602e-08,1.410487E-10,CF,11.719,3.249e-02,0,3.1766e-02,14752, InitialisePrepSampleRun; CheckIfCFRequired; UseCF; SampleTrapped; BalanceRefToSamValue; DepletingBalance; SampleReady;,3.9494e-08,1.0547e-07,7.2547e-08,7.3151e-08,7.3062e-08,7.3130e-08,0.96,2021/05/18 10:48:33,-0.09,5468,8447,3.2488e-02,46.009,20,8,20,20,0.000,-3.2384e-13,-1.4924e-13,-1.6427e-13,-8.4050e-14,4.6152e-14,7.6738e-12,31.00,31.00,72.39,-1.95e02,-1.61e02,72.39,0.00,72.39,72.39,2021/05/18 09:52:17,2021/05/18 10:31:57,79,3.65480e-08,0.000,0,63,3.50391e-08,1.83076e-09,0,60,1.20420e-02,1.86123e-07,0,60,4.2734e-03,8.8996e-08,0,60,4.9984e-05,1.6796e-09,0,60,4.7843e-06,9.8154e-10,0,60,4.1143e-08,2.9047e-09,0,60,1.1971e-02,1.6688e-07,0,63,4.2053e-03,6.5234e-08,0,63,4.8920e-05,1.7309e-09,0,63,4.6346e-06,8.4337e-10,0,63,4.2908e-08,2.5609e-09,0,63,5.9408,0.0016,0,60,16.1945,0.0055,0,60,21.7335,0.0210,0,60,32.3055,0.0756,0,60,-85.0298,71.6525,0,60,2.8735,0.0016,0,60,10.2032,0.0055,0,60,-0.4136,0.0163,0,60,-0.3349,0.0710,0,60,-119.0666,68.9937,0,60,
C:\Nu Stable\Results\2021\20210517 clumped Brazil Antoine powders Nova Olinda fracture FMM,20210517 clumped Brazil Antoine powders Nova Olinda fracture FMM,Data_13664 30-RJS-5166.25B.txt,30-RJS-5166.25B,C:\Nu Stable\Analyses\DI\CO2 20-6-20 clumped NuCarb.rdf,Clumped CO2 Iterative,2021/05/17 14:10:44,2021/05/18 12:11:56,544,17,1.9329e-07,3.553098E-10,CF,28.107,3.249e-02,1,3.1766e-02,14784, InitialisePrepSampleRun; CheckIfCFRequired; UseCF; SampleTrapped; Chop_CF_SamSub; SampleTrapped; BalanceRefToSamValue; DepletingBalance; SampleReady;,3.8884e-08,1.0536e-07,7.9897e-08,8.0320e-08,8.0278e-08,8.0027e-08,0.96,2021/05/18 12:11:10,0.31,5064,8446,3.2488e-02,46.011,20,8,20,20,0.000,-3.2435e-13,-1.4955e-13,-1.6464e-13,-8.1207e-14,5.1409e-14,8.1056e-12,22.00,22.00,72.39,-1.95e02,-1.71e02,72.39,0.00,72.39,72.39,2021/05/18 11:14:41,2021/05/18 11:52:29,75,5.09006e-08,0.000,0,63,5.05577e-08,1.63711e-09,0,60,1.20385e-02,1.10120e-07,0,60,4.2735e-03,4.2889e-08,0,60,4.9957e-05,2.7172e-09,0,60,4.7966e-06,1.0112e-09,0,60,7.5629e-08,1.3321e-09,0,60,1.1973e-02,4.3046e-07,0,63,4.2061e-03,1.1838e-07,0,63,4.8928e-05,4.0657e-09,0,63,4.6495e-06,1.1201e-09,0,63,7.6270e-08,1.3997e-09,0,63,5.4881,0.0248,0,60,16.0353,0.0186,0,60,21.0142,0.0536,0,60,31.6323,0.1173,0,60,-5.7419,3.4268,0,60,2.3971,0.0258,0,60,10.0458,0.0185,0,60,-0.4997,0.0156,0,60,-0.6738,0.0816,0,60,-41.9636,3.3123,0,60,
C:\Nu Stable\Results\2021\20210517 clumped Brazil Antoine powders Nova Olinda fracture FMM,20210517 clumped Brazil Antoine powders Nova Olinda fracture FMM,Data_13665 30-RJS-5166.25C.txt,30-RJS-5166.25C,C:\Nu Stable\Analyses\DI\CO2 20-6-20 clumped NuCarb.rdf,Clumped CO2 Iterative,2021/05/17 14:10:44,2021/05/18 13:32:15,448,18,6.1708e-08,1.377412E-10,CF,9.003,3.249e-02,0,3.1766e-02,14784, InitialisePrepSampleRun; CheckIfCFRequired; UseCF; SampleTrapped; BalanceRefToSamValue; DepletingBalance; SampleReady;,3.8118e-08,1.0611e-07,5.9221e-08,5.9835e-08,5.9768e-08,5.9947e-08,0.96,2021/05/18 13:31:30,-0.30,6131,8446,3.2488e-02,46.011,20,8,20,20,0.000,-3.2226e-13,-1.4876e-13,-1.6371e-13,-8.2052e-14,4.8977e-14,7.9465e-12,30.00,30.00,72.39,-1.95e02,-1.57e02,72.39,0.00,72.39,72.39,2021/05/18 12:36:03,2021/05/18 13:14:49,78,3.10718e-08,0.000,0,63,2.97138e-08,1.48013e-09,0,60,1.20353e-02,2.11139e-07,0,60,4.2725e-03,1.1355e-07,0,60,4.9988e-05,2.3721e-09,0,60,4.8089e-06,1.3285e-09,0,60,7.9317e-08,1.5981e-09,0,60,1.1970e-02,1.8362e-07,0,63,4.2052e-03,8.5939e-08,0,63,4.8958e-05,2.6404e-09,0,63,4.6598e-06,1.2302e-09,0,63,7.8525e-08,1.5343e-09,0,63,5.4225,0.0021,0,60,16.0111,0.0060,0,60,21.0493,0.0166,0,60,31.9540,0.1013,0,60,10.7774,6.5385,0,60,2.3281,0.0020,0,60,10.0218,0.0059,0,60,-0.3747,0.0130,0,60,-0.3144,0.0990,0,60,-25.9345,6.3030,0,60,
C:\Nu Stable\Results\2021\20210517 clumped Brazil Antoine powders Nova Olinda fracture FMM,20210517 clumped Brazil Antoine powders Nova Olinda fracture FMM,Data_13666 ETH-03.txt,ETH-03,C:\Nu Stable\Analyses\DI\CO2 20-6-20 clumped NuCarb.rdf,Clumped CO2 Iterative,2021/05/17 14:10:44,2021/05/18 14:55:33,479,19,4.5600e-09,9.519855E-12,CF,0.336,3.249e-02,0,3.1766e-02,14784, InitialisePrepSampleRun; CheckIfCFRequired; UseCF; SampleTrapped; BalanceRefToSamValue; SampleReady; (BeamTooBig_RunningMisBalanced) ;,3.7565e-08,1.0568e-07,4.3775e-09,8.0320e-08,8.0278e-08,8.0027e-08,0.96,2021/05/18 14:54:35,-88.22,8397,8448,3.2488e-02,46.011,20,8,20,20,0.000,-3.2257e-13,-1.4884e-13,-1.6370e-13,-8.6884e-14,3.8445e-14,7.0927e-12,23.00,28.00,72.39,-1.95e02,-1.72e02,72.39,0.00,72.39,72.39,2021/05/18 13:57:27,2021/05/18 14:35:24,76,2.09860e-08,0.000,0,63,2.81080e-09,8.99660e-11,0,60,1.20158e-02,2.37274e-07,0,60,4.2504e-03,1.6695e-07,0,60,5.0713e-05,1.2680e-07,0,60,5.6576e-06,1.1546e-07,0,60,2.2429e-06,2.7698e-07,0,60,1.1968e-02,1.9148e-07,0,63,4.2040e-03,1.0747e-07,0,63,4.9088e-05,1.8802e-08,0,63,4.7799e-06,1.7607e-08,0,63,3.8070e-07,4.1167e-08,0,63,3.9837,0.0043,0,60,11.0429,0.0141,0,60,33.0685,2.1774,0,60,179.4957,19.2950,0,60,3910.1952,204.3765,0,60,0.9680,0.0042,0,60,5.0808,0.0140,0,60,17.7859,2.1607,0,60,153.8971,18.9048,0,60,3785.3022,199.2661,0,60,
C:\Nu Stable\Results\2021\20210517 clumped Brazil Antoine powders Nova Olinda fracture FMM,20210517 clumped Brazil Antoine powders Nova Olinda fracture FMM,Data_13667 ETH-04.txt,ETH-04,C:\Nu Stable\Analyses\DI\CO2 20-6-20 clumped NuCarb.rdf,Clumped CO2 Iterative,2021/05/17 14:10:44,2021/05/18 16:17:57,554,20,2.2788e-07,4.11328E-10,CF,32.196,3.177e-02,1,3.1060e-02,14752, InitialisePrepSampleRun; CheckIfCFRequired; UseCF; SampleTrapped; Chop_CF_SamSub; SampleTrapped; BalanceRefToSamValue; DepletingBalance; SampleReady;,3.7174e-08,1.0600e-07,9.3557e-08,9.3276e-08,9.3199e-08,9.2926e-08,0.96,2021/05/18 16:17:12,0.29,4437,8448,3.1766e-02,46.013,20,8,20,20,0.000,-3.0228e-13,-1.4003e-13,-1.5394e-13,-7.1531e-14,6.2352e-14,8.0574e-12,22.00,23.00,72.44,-1.95e02,-1.65e02,72.44,0.00,72.44,72.44,2021/05/18 15:18:53,2021/05/18 15:58:58,81,5.75702e-08,0.000,0,63,5.71641e-08,1.94039e-09,0,60,1.18855e-02,2.01091e-07,0,60,4.1832e-03,9.3203e-08,0,60,4.8349e-05,6.9545e-09,0,60,4.6544e-06,5.6145e-09,0,60,1.8750e-07,1.1809e-08,0,60,1.1971e-02,2.0244e-07,0,63,4.2052e-03,9.5535e-08,0,63,4.8980e-05,6.7005e-09,0,63,4.7028e-06,5.4180e-09,0,63,1.8898e-07,1.1435e-08,0,63,-7.1629,0.0009,0,60,-5.2190,0.0016,0,60,-12.8922,0.0098,0,60,-10.2868,0.0611,0,60,-12.0229,1.9368,0,60,-10.3318,0.0009,0,60,-11.0780,0.0016,0,60,-0.4178,0.0094,0,60,0.1251,0.0606,0,60,5.8587,1.9699,0,60,
C:\Nu Stable\Results\2021\20210517 clumped Brazil Antoine powders Nova Olinda fracture FMM,20210517 clumped Brazil Antoine powders Nova Olinda fracture FMM,Data_13668 30-RJS-5166.25D.txt,30-RJS-5166.25D,C:\Nu Stable\Analyses\DI\CO2 20-6-20 clumped NuCarb.rdf,Clumped CO2 Iterative,2021/05/17 14:10:44,2021/05/18 17:47:10,452,21,1.2685e-07,2.806324E-10,CF,19.531,3.323e-02,1,3.1060e-02,14720, InitialisePrepSampleRun; CheckIfCFRequired; UseCF; SampleTrapped; Chop_CF_SamSub; SampleTrapped; BalanceRefToSamValue; DepletingBalance; SampleReady;,4.2544e-08,1.0548e-07,5.3599e-08,5.3799e-08,5.3765e-08,5.3619e-08,0.96,2021/05/18 17:46:24,0.27,7110,8448,3.3227e-02,46.009,20,8,20,20,0.000,-2.8640e-13,-1.3257e-13,-1.4567e-13,-6.6049e-14,6.6304e-14,7.7391e-12,20.00,20.00,72.44,-1.95e02,2.56e01,72.44,0.00,72.44,72.44,2021/05/18 16:41:36,2021/05/18 17:21:07,79,3.58369e-08,0.000,0,63,3.55298e-08,1.02787e-09,0,60,1.20404e-02,1.33520e-07,0,60,4.2745e-03,5.8592e-08,0,60,5.0067e-05,5.2167e-09,0,60,4.8438e-06,4.1060e-09,0,60,1.6122e-07,8.2559e-09,0,60,1.1968e-02,1.2215e-07,0,63,4.2041e-03,4.7268e-08,0,63,4.8975e-05,5.4378e-09,0,63,4.6880e-06,4.0329e-09,0,63,1.6094e-07,8.0053e-09,0,63,6.0072,0.0011,0,60,16.7563,0.0027,0,60,22.3065,0.0154,0,60,33.2252,0.0748,0,60,0.9289,2.0152,0,60,2.9247,0.0012,0,60,10.7621,0.0027,0,60,-0.4647,0.0137,0,60,-0.5495,0.0714,0,60,-37.4109,1.9388,0,60,
C:\Nu Stable\Results\2021\20210517 clumped Brazil Antoine powders Nova Olinda fracture FMM,20210517 clumped Brazil Antoine powders Nova Olinda fracture FMM,Data_13669 30-RJS-5166.25E.txt,30-RJS-5166.25E,C:\Nu Stable\Analyses\DI\CO2 20-6-20 clumped NuCarb.rdf,Clumped CO2 Iterative,2021/05/17 14:10:44,2021/05/18 19:49:39,483,22,9.2606e-08,1.917318E-10,CF,14.160,3.177e-02,0,3.1060e-02,14752, InitialisePrepSampleRun; CheckIfCFRequired; UseCF; SampleTrapped; BalanceRefToSamValue; DepletingBalance; SampleReady;,4.1967e-08,1.0550e-07,8.8844e-08,8.9604e-08,8.9513e-08,8.9603e-08,0.96,2021/05/18 19:48:53,-0.10,4983,8448,3.1766e-02,46.011,20,8,20,20,0.000,-2.7636e-13,-1.2813e-13,-1.4053e-13,-6.1308e-14,7.3010e-14,7.7900e-12,32.00,32.00,72.44,-1.95e02,-1.62e02,72.44,0.00,72.44,72.44,2021/05/18 18:53:35,2021/05/18 19:49:19,111,4.30232e-08,0.000,0,63,4.11817e-08,2.26310e-09,0,60,1.20340e-02,2.32616e-07,0,60,4.2725e-03,1.0415e-07,0,60,4.9999e-05,4.7495e-09,0,60,4.8217e-06,3.3907e-09,0,60,1.2185e-07,6.4182e-09,0,60,1.1968e-02,2.1695e-07,0,63,4.2038e-03,8.6048e-08,0,63,4.8949e-05,4.5111e-09,0,63,4.6678e-06,3.0173e-09,0,63,1.1891e-07,5.8560e-09,0,63,5.4880,0.0016,0,60,16.3394,0.0046,0,60,21.4548,0.0142,0,60,33.0067,0.0837,0,60,18.3200,3.7420,0,60,2.3865,0.0016,0,60,10.3483,0.0046,0,60,-0.3627,0.0140,0,60,0.0591,0.0858,0,60,-19.3564,3.6098,0,60,
C:\Nu Stable\Results\2021\20210517 clumped Brazil Antoine powders Nova Olinda fracture FMM,20210517 clumped Brazil Antoine powders Nova Olinda fracture FMM,Data_13670 30-RJS-5166.25F.txt,30-RJS-5166.25F,C:\Nu Stable\Analyses\DI\CO2 20-6-20 clumped NuCarb.rdf,Clumped CO2 Iterative,2021/05/17 14:10:44,2021/05/18 21:12:23,419,23,3.0416e-08,7.259264E-11,CF,3.326,3.106e-02,0,3.0369e-02,14752, InitialisePrepSampleRun; CheckIfCFRequired; UseCF; SampleTrapped; BalanceRefToSamValue; SampleReady; (BeamTooBig_RunningMisBalanced) ;,4.1209e-08,1.0579e-07,2.9212e-08,5.3799e-08,5.3765e-08,5.3619e-08,0.96,2021/05/18 21:11:25,-29.12,8397,8446,3.1060e-02,46.003,20,8,20,20,0.000,-2.7112e-13,-1.2587e-13,-1.3797e-13,-6.1551e-14,6.9094e-14,7.3493e-12,28.00,28.00,72.44,-1.95e02,-1.73e02,72.44,0.00,72.44,72.44,2021/05/18 20:14:58,2021/05/18 20:52:48,76,2.28464e-08,0.000,0,63,1.60580e-08,6.81214e-10,0,60,1.20327e-02,2.61620e-07,0,60,4.2739e-03,1.6335e-07,0,60,5.0116e-05,6.6604e-09,0,60,4.8886e-06,7.3580e-09,0,60,2.2922e-07,1.6947e-08,0,60,1.1965e-02,2.1688e-07,0,63,4.2020e-03,1.1433e-07,0,63,4.8982e-05,5.6289e-09,0,63,4.7014e-06,5.3067e-09,0,63,1.7929e-07,1.1805e-08,0,63,5.6931,0.0041,0,60,17.0995,0.0112,0,60,23.1581,0.0279,0,60,39.8026,0.3978,0,60,240.0087,11.5326,0,60,2.5786,0.0040,0,60,11.1043,0.0111,0,60,0.3576,0.0352,0,60,5.1346,0.4025,0,60,192.1298,11.1131,0,60,
C:\Nu Stable\Results\2021\20210517 clumped Brazil Antoine powders Nova Olinda fracture FMM,20210517 clumped Brazil Antoine powders Nova Olinda fracture FMM,Data_13671 ETH-02.txt,ETH-02,C:\Nu Stable\Analyses\DI\CO2 20-6-20 clumped NuCarb.rdf,Clumped CO2 Iterative,2021/05/17 14:10:44,2021/05/18 22:34:28,390,24,1.3265e-07,3.401265E-10,CF,20.080,3.106e-02,1,3.1060e-02,14720, InitialisePrepSampleRun; CheckIfCFRequired; UseCF; SampleTrapped; Chop_CF_SamSub; SampleTrapped; BalanceRefToSamValue; DepletingBalance; SampleReady;,4.0757e-08,1.0618e-07,5.5859e-08,5.6109e-08,5.6083e-08,5.5906e-08,0.96,2021/05/18 22:33:43,0.32,6702,8446,3.1060e-02,46.005,20,8,20,20,0.000,-2.6487e-13,-1.2322e-13,-1.3494e-13,-5.7973e-14,7.4369e-14,7.5075e-12,20.00,20.00,71.91,-1.95e02,-1.66e02,71.91,0.00,71.91,71.91,2021/05/18 21:36:34,2021/05/18 22:15:27,78,3.71650e-08,0.000,0,63,3.68224e-08,1.08242e-09,0,60,1.18827e-02,1.24935e-07,0,60,4.1815e-03,4.7033e-08,0,60,4.8316e-05,4.5801e-09,0,60,4.6306e-06,3.4706e-09,0,60,1.2856e-07,6.5928e-09,0,60,1.1967e-02,1.2321e-07,0,63,4.2029e-03,4.8423e-08,0,63,4.8944e-05,4.4587e-09,0,63,4.6779e-06,3.3306e-09,0,63,1.3022e-07,6.3917e-09,0,63,-7.0205,0.0010,0,60,-5.0817,0.0013,0,60,-12.8317,0.0111,0,60,-10.1240,0.0777,0,60,-15.9485,2.8766,0,60,-10.1850,0.0010,0,60,-10.9417,0.0013,0,60,-0.6400,0.0111,0,60,0.0136,0.0784,0,60,1.4375,2.9269,0,60,
C:\Nu Stable\Results\2021\20210517 clumped Brazil Antoine powders Nova Olinda fracture FMM,20210517 clumped Brazil Antoine powders Nova Olinda fracture FMM,Data_13672 ETH-01.txt,ETH-01,C:\Nu Stable\Analyses\DI\CO2 20-6-20 clumped NuCarb.rdf,Clumped CO2 Iterative,2021/05/17 14:10:44,2021/05/18 23:56:33,412,25,1.3909e-07,3.375906E-10,CF,21.179,3.106e-02,1,3.0369e-02,14720, InitialisePrepSampleRun; CheckIfCFRequired; UseCF; SampleTrapped; Chop_CF_SamSub; SampleTrapped; BalanceRefToSamValue; DepletingBalance; SampleReady;,4.0121e-08,1.0594e-07,5.8683e-08,5.8932e-08,5.8923e-08,5.8730e-08,0.96,2021/05/18 23:55:48,0.33,6397,8446,3.1060e-02,46.005,20,8,20,20,0.000,-2.5941e-13,-1.2062e-13,-1.3205e-13,-5.3991e-14,8.0806e-14,7.7999e-12,20.00,21.00,71.91,-1.95e02,-1.58e02,71.91,0.00,71.91,71.91,2021/05/18 22:58:05,2021/05/18 23:37:38,79,3.88282e-08,0.000,0,63,3.84912e-08,1.14557e-09,0,60,1.20246e-02,1.09296e-07,0,60,4.2512e-03,4.0950e-08,0,60,4.9680e-05,2.1935e-09,0,60,4.7542e-06,1.0456e-09,0,60,7.0256e-08,1.0242e-09,0,60,1.1967e-02,1.0058e-07,0,63,4.2029e-03,3.6659e-08,0,63,4.8915e-05,2.2933e-09,0,63,4.6491e-06,1.0180e-09,0,63,7.1351e-08,1.0677e-09,0,63,4.8457,0.0011,0,60,11.4980,0.0018,0,60,15.6308,0.0127,0,60,22.6140,0.0642,0,60,-12.0645,4.1295,0,60,1.8697,0.0011,0,60,5.5318,0.0018,0,60,-0.7228,0.0124,0,60,-0.5025,0.0628,0,60,-38.9871,4.0167,0,60,
C:\Nu Stable\Results\2021\20210517 clumped Brazil Antoine powders Nova Olinda fracture FMM,20210517 clumped Brazil Antoine powders Nova Olinda fracture FMM,Data_13673 23-RJS-5281.9.txt,23-RJS-5281.9,C:\Nu Stable\Analyses\DI\CO2 20-6-20 clumped NuCarb.rdf,Clumped CO2 Iterative,2021/05/17 14:10:44,2021/05/19 01:18:47,431,26,1.0672e-07,2.476087E-10,CF,16.571,3.106e-02,1,2.9034e-02,14752, InitialisePrepSampleRun; CheckIfCFRequired; UseCF; SampleTrapped; Chop_CF_SamSub; SampleTrapped; BalanceRefToSamValue; DepletingBalance; SampleReady;,3.9467e-08,1.0558e-07,4.5785e-08,4.6031e-08,4.6027e-08,4.5874e-08,0.96,2021/05/19 01:18:01,0.33,7531,8446,3.1060e-02,46.005,20,8,20,20,0.000,-2.5773e-13,-1.1994e-13,-1.3131e-13,-5.4368e-14,7.8338e-14,7.6398e-12,19.00,20.00,71.91,-1.95e02,-1.59e02,71.91,0.00,71.91,71.91,2021/05/19 00:20:24,2021/05/19 00:59:43,78,3.12031e-08,0.000,0,63,3.09117e-08,8.60737e-10,0,60,1.20238e-02,1.19176e-07,0,60,4.2663e-03,5.9040e-08,0,60,4.9852e-05,5.1106e-09,0,60,4.7669e-06,4.6555e-09,0,60,8.0781e-09,1.1306e-08,0,60,1.1966e-02,1.1009e-07,0,63,4.2026e-03,4.8192e-08,0,63,4.8897e-05,4.7105e-09,0,63,4.6269e-06,4.5315e-09,0,63,9.2369e-09,1.0863e-08,0,63,4.8554,0.0010,0,60,15.1686,0.0025,0,60,19.5331,0.0119,0,60,30.2280,0.0836,0,60,-8.1087,16.7659,0,60,1.7535,0.0011,0,60,9.1846,0.0025,0,60,-0.4628,0.0107,0,60,-0.3292,0.0820,0,60,-41.9993,16.1936,0,60,
C:\Nu Stable\Results\2021\20210517 clumped Brazil Antoine powders Nova Olinda fracture FMM,20210517 clumped Brazil Antoine powders Nova Olinda fracture FMM,Data_13674 23-RJS-5534.9.txt,23-RJS-5534.9,C:\Nu Stable\Analyses\DI\CO2 20-6-20 clumped NuCarb.rdf,Clumped CO2 Iterative,2021/05/17 14:10:44,2021/05/19 02:39:58,407,27,4.2392e-08,1.04157E-10,CF,5.768,3.249e-02,0,3.1060e-02,14752, InitialisePrepSampleRun; CheckIfCFRequired; UseCF; SampleTrapped; BalanceRefToSamValue; DepletingBalance; SampleReady;,3.8946e-08,1.0582e-07,4.0689e-08,4.1057e-08,4.1046e-08,4.1269e-08,0.96,2021/05/19 02:39:12,-0.54,8111,8446,3.2488e-02,46.005,20,8,20,20,0.000,-2.7073e-13,-1.2555e-13,-1.3739e-13,-6.1149e-14,6.9523e-14,7.4449e-12,29.00,28.00,71.91,-1.95e02,-1.75e02,71.91,0.00,71.91,71.91,2021/05/19 01:42:19,2021/05/19 02:21:57,79,2.27251e-08,0.000,0,63,2.16247e-08,9.88105e-10,0,60,1.20233e-02,2.19618e-07,0,60,4.2621e-03,1.4043e-07,0,60,4.9615e-05,2.2625e-08,0,60,4.5813e-06,1.9911e-08,0,60,-3.7794e-07,4.3647e-08,0,60,1.1965e-02,1.9514e-07,0,63,4.2024e-03,1.1161e-07,0,63,4.8722e-05,1.9627e-08,0,63,4.4622e-06,1.7592e-08,0,63,-3.4422e-07,3.8764e-08,0,63,4.8416,0.0019,0,60,14.2171,0.0061,0,60,18.3191,0.0497,0,60,26.5455,0.3908,0,60,85.7774,12.0068,0,60,1.7717,0.0019,0,60,8.2378,0.0060,0,60,-0.7173,0.0424,0,60,-2.0328,0.3703,0,60,50.6318,11.6196,0,60,
C:\Nu Stable\Results\2021\20210517 clumped Brazil Antoine powders Nova Olinda fracture FMM,20210517 clumped Brazil Antoine powders Nova Olinda fracture FMM,Data_13675 IAEA-C2.txt,IAEA-C2,C:\Nu Stable\Analyses\DI\CO2 20-6-20 clumped NuCarb.rdf,Clumped CO2 Iterative,2021/05/17 14:10:44,2021/05/19 04:02:24,441,28,1.5555e-07,3.527102E-10,CF,23.224,3.249e-02,1,3.2488e-02,14784, InitialisePrepSampleRun; CheckIfCFRequired; UseCF; SampleTrapped; Chop_CF_SamSub; SampleTrapped; BalanceRefToSamValue; DepletingBalance; SampleReady;,3.8626e-08,1.0564e-07,6.4969e-08,6.5247e-08,6.5217e-08,6.5004e-08,0.96,2021/05/19 04:01:39,0.33,5807,8444,3.2488e-02,46.009,20,8,20,20,0.000,-2.8777e-13,-1.3327e-13,-1.4598e-13,-6.7331e-14,6.5607e-14,7.7587e-12,21.00,21.00,71.91,-1.95e02,-1.64e02,71.91,0.00,71.91,71.91,2021/05/19 03:04:40,2021/05/19 03:43:06,77,4.23786e-08,0.000,0,63,4.20627e-08,1.28810e-09,0,60,1.19123e-02,7.22317e-08,0,60,4.2239e-03,2.3963e-08,0,60,4.8833e-05,2.4348e-09,0,60,4.6380e-06,3.4398e-09,0,60,-3.7423e-08,8.4500e-09,0,60,1.1969e-02,7.2467e-08,0,63,4.2044e-03,2.4013e-08,0,63,4.8866e-05,2.4038e-09,0,63,4.5965e-06,3.3175e-09,0,63,-3.3464e-08,8.0543e-09,0,63,-4.7610,0.0007,0,60,4.6314,0.0011,0,60,-0.6652,0.0115,0,60,9.0138,0.0554,0,60,54.9343,33.6988,0,60,-8.1172,0.0008,0,60,-1.2806,0.0011,0,60,-0.2949,0.0120,0,60,-0.2680,0.0551,0,60,50.7059,33.5635,0,60,
C:\Nu Stable\Results\2021\20210517 clumped Brazil Antoine powders Nova Olinda fracture FMM,20210517 clumped Brazil Antoine powders Nova Olinda fracture FMM,Data_13676 ETH-02.txt,ETH-02,C:\Nu Stable\Analyses\DI\CO2 20-6-20 clumped NuCarb.rdf,Clumped CO2 Iterative,2021/05/17 14:10:44,2021/05/19 05:24:41,412,29,3.5415e-08,8.595802E-11,CF,4.547,3.249e-02,0,3.1766e-02,14784, InitialisePrepSampleRun; CheckIfCFRequired; UseCF; SampleTrapped; BalanceRefToSamValue; SampleReady; (BeamTooBig_RunningMisBalanced) ;,3.7946e-08,1.0605e-07,3.3986e-08,4.1057e-08,4.1046e-08,4.1269e-08,0.96,2021/05/19 05:23:44,-11.48,8397,8449,3.2488e-02,46.009,20,8,20,20,0.000,-2.9591e-13,-1.3702e-13,-1.5011e-13,-7.3060e-14,5.5593e-14,7.3403e-12,28.00,28.00,71.91,-1.95e02,-1.59e02,71.91,0.00,71.91,71.91,2021/05/19 04:26:03,2021/05/19 05:05:33,79,2.12649e-08,0.000,0,63,1.81180e-08,7.91381e-10,0,60,1.18818e-02,2.14463e-07,0,60,4.1818e-03,1.3731e-07,0,60,4.8219e-05,1.0518e-08,0,60,4.5239e-06,8.9011e-09,0,60,-9.9681e-08,1.6878e-08,0,60,1.1967e-02,1.9524e-07,0,63,4.2030e-03,1.2100e-07,0,63,4.8861e-05,8.0652e-09,0,63,4.5828e-06,6.8714e-09,0,63,-7.1304e-08,1.3629e-08,0,63,-7.0906,0.0018,0,60,-5.0606,0.0040,0,60,-13.1472,0.0522,0,60,-12.9256,0.4708,0,60,314.6148,143.8356,0,60,-10.2603,0.0018,0,60,-10.9206,0.0039,0,60,-0.9075,0.0483,0,60,-2.8592,0.4695,0,60,337.8986,146.3791,0,60,
C:\Nu Stable\Results\2021\20210517 clumped Brazil Antoine powders Nova Olinda fracture FMM,20210517 clumped Brazil Antoine powders Nova Olinda fracture FMM,Data_13677 ETH-04.txt,ETH-04,C:\Nu Stable\Analyses\DI\CO2 20-6-20 clumped NuCarb.rdf,Clumped CO2 Iterative,2021/05/17 14:10:44,2021/05/19 06:45:28,509,30,6.9315e-08,1.361796E-10,CF,10.986,3.249e-02,0,3.1766e-02,14784, InitialisePrepSampleRun; CheckIfCFRequired; UseCF; SampleTrapped; BalanceRefToSamValue; DepletingBalance; SampleReady;,3.7599e-08,1.0605e-07,6.6546e-08,6.7166e-08,6.7144e-08,6.7302e-08,0.96,2021/05/19 06:44:42,-0.23,5612,8448,3.2488e-02,46.009,20,8,20,20,0.000,-3.0154e-13,-1.3965e-13,-1.5301e-13,-7.4417e-14,5.7310e-14,7.6407e-12,31.00,30.00,71.91,-1.95e02,-1.57e02,71.91,0.00,71.91,71.91,2021/05/19 05:48:17,2021/05/19 06:27:51,79,3.41455e-08,0.000,0,63,3.26661e-08,1.67347e-09,0,60,1.18832e-02,1.96804e-07,0,60,4.1825e-03,9.1657e-08,0,60,4.8288e-05,1.2308e-09,0,60,4.5873e-06,4.5515e-10,0,60,4.2018e-08,1.4082e-09,0,60,1.1969e-02,1.8040e-07,0,63,4.2044e-03,8.4137e-08,0,63,4.8920e-05,1.4398e-09,0,63,4.6356e-06,4.0681e-10,0,63,4.6114e-08,1.2398e-09,0,63,-7.1827,0.0014,0,60,-5.2080,0.0019,0,60,-12.9152,0.0167,0,60,-10.4215,0.0870,0,60,-98.9855,10.8998,0,60,-10.3533,0.0014,0,60,-11.0671,0.0019,0,60,-0.4313,0.0156,0,60,-0.0330,0.0876,0,60,-82.6793,11.0953,0,60,
C:\Nu Stable\Results\2021\20210517 clumped Brazil Antoine powders Nova Olinda fracture FMM,20210517 clumped Brazil Antoine powders Nova Olinda fracture FMM,Data_13678 23-RJS-5607.txt,23-RJS-5607,C:\Nu Stable\Analyses\DI\CO2 20-6-20 clumped NuCarb.rdf,Clumped CO2 Iterative,2021/05/17 14:10:44,2021/05/19 08:14:23,480,31,1.7206e-07,3.58465E-10,CF,25.787,3.398e-02,1,3.2488e-02,14784, InitialisePrepSampleRun; CheckIfCFRequired; UseCF; SampleTrapped; Chop_CF_SamSub; SampleTrapped; BalanceRefToSamValue; DepletingBalance; SampleReady;,4.2912e-08,1.0584e-07,7.1538e-08,7.1769e-08,7.1719e-08,7.1521e-08,0.96,2021/05/19 08:13:37,0.28,5857,8448,3.3983e-02,46.009,20,8,20,20,0.000,-3.0163e-13,-1.3990e-13,-1.5346e-13,-7.2398e-14,6.1262e-14,7.9832e-12,21.00,22.00,71.91,-1.95e02,-1.64e02,71.91,0.00,71.91,71.91,2021/05/19 07:10:33,2021/05/19 07:48:37,76,4.60303e-08,0.000,0,63,4.56987e-08,1.43757e-09,0,60,1.20175e-02,8.89032e-08,0,60,4.2626e-03,2.5722e-08,0,60,4.9748e-05,1.2612e-09,0,60,4.7588e-06,6.7749e-10,0,60,3.9005e-08,2.3634e-09,0,60,1.1971e-02,8.4336e-08,0,63,4.2052e-03,1.8713e-08,0,63,4.8912e-05,1.3182e-09,0,63,4.6332e-06,6.7465e-10,0,63,3.9961e-08,2.1728e-09,0,63,3.9080,0.0008,0,60,13.6615,0.0020,0,60,17.0763,0.0105,0,60,27.0967,0.0450,0,60,-81.1190,29.0528,0,60,0.7972,0.0008,0,60,7.6869,0.0020,0,60,-0.4415,0.0102,0,60,-0.4019,0.0437,0,60,-109.0277,28.1697,0,60,
C:\Nu Stable\Results\2021\20210517 clumped Brazil Antoine powders Nova Olinda fracture FMM,20210517 clumped Brazil Antoine powders Nova Olinda fracture FMM,Data_13679 26-RJS-5471.8.txt,26-RJS-5471.8,C:\Nu Stable\Analyses\DI\CO2 20-6-20 clumped NuCarb.rdf,Clumped CO2 Iterative,2021/05/17 14:10:44,2021/05/19 09:34:50,418,32,9.4192e-08,2.253393E-10,CF,14.587,3.249e-02,0,3.1766e-02,14784, InitialisePrepSampleRun; CheckIfCFRequired; UseCF; SampleTrapped; BalanceRefToSamValue; DepletingBalance; SampleReady;,4.2104e-08,1.0599e-07,9.0365e-08,9.1074e-08,9.0976e-08,9.0804e-08,0.96,2021/05/19 09:34:04,0.19,4942,8448,3.2488e-02,46.011,20,8,20,20,0.000,-3.0400e-13,-1.4086e-13,-1.5442e-13,-7.1257e-14,6.6215e-14,8.4087e-12,32.00,32.00,71.91,-1.95e02,-1.74e02,71.91,0.00,71.91,71.91,2021/05/19 08:38:16,2021/05/19 09:17:32,79,4.34226e-08,0.000,0,63,4.17553e-08,2.30555e-09,0,60,1.20283e-02,2.25924e-07,0,60,4.2694e-03,1.0385e-07,0,60,4.9897e-05,1.8276e-09,0,60,4.7836e-06,4.1195e-10,0,60,5.7411e-08,6.5779e-10,0,60,1.1971e-02,2.0847e-07,0,63,4.2052e-03,8.6134e-08,0,63,4.8938e-05,3.8757e-09,0,63,4.6420e-06,4.3224e-10,0,63,5.8837e-08,1.0370e-09,0,63,4.8242,0.0017,0,60,15.2487,0.0043,0,60,19.5981,0.0569,0,60,30.4840,0.0623,0,60,-19.8986,11.9584,0,60,1.7176,0.0016,0,60,9.2644,0.0043,0,60,-0.4448,0.0532,0,60,-0.2385,0.0606,0,60,-53.5050,11.5458,0,60,
C:\Nu Stable\Results\2021\20210517 clumped Brazil Antoine powders Nova Olinda fracture FMM,20210517 clumped Brazil Antoine powders Nova Olinda fracture FMM,Data_13680 26-RJS-5475.6.txt,26-RJS-5475.6,C:\Nu Stable\Analyses\DI\CO2 20-6-20 clumped NuCarb.rdf,Clumped CO2 Iterative,2021/05/17 14:10:44,2021/05/19 10:56:44,449,33,5.0008e-08,1.11377E-10,CF,7.202,3.249e-02,0,3.1766e-02,14784, InitialisePrepSampleRun; CheckIfCFRequired; UseCF; SampleTrapped; BalanceRefToSamValue; DepletingBalance; SampleReady;,4.1429e-08,1.0557e-07,4.7997e-08,4.8532e-08,4.8466e-08,4.8736e-08,0.96,2021/05/19 10:55:59,-0.55,7534,8448,3.2488e-02,46.007,20,8,20,20,0.000,-3.0400e-13,-1.4093e-13,-1.5436e-13,-7.5374e-14,5.5397e-14,7.6917e-12,30.00,29.00,71.91,-1.95e02,-1.65e02,71.91,0.00,71.91,71.91,2021/05/19 10:00:13,2021/05/19 10:37:59,75,2.61327e-08,0.000,0,63,2.49178e-08,1.18336e-09,0,60,1.20300e-02,2.26724e-07,0,60,4.2758e-03,1.3634e-07,0,60,5.0014e-05,1.1217e-09,0,60,4.8144e-06,6.9865e-10,0,60,8.3822e-08,1.6584e-09,0,60,1.1969e-02,2.0327e-07,0,63,4.2042e-03,1.0705e-07,0,63,4.8954e-05,3.5165e-09,0,63,4.6563e-06,6.8942e-10,0,63,8.4751e-08,2.2116e-09,0,63,5.1310,0.0018,0,60,17.0066,0.0061,0,60,21.6345,0.0623,0,60,33.9300,0.1133,0,60,-5.9785,9.5432,0,60,1.9837,0.0017,0,60,11.0131,0.0061,0,60,-0.4666,0.0579,0,60,-0.3600,0.1058,0,60,-43.6330,9.1792,0,60,
C:\Nu Stable\Results\2021\20210517 clumped Brazil Antoine powders Nova Olinda fracture FMM,20210517 clumped Brazil Antoine powders Nova Olinda fracture FMM,Data_13681 ETH-01.txt,ETH-01,C:\Nu Stable\Analyses\DI\CO2 20-6-20 clumped NuCarb.rdf,Clumped CO2 Iterative,2021/05/17 14:10:44,2021/05/19 12:19:32,457,34,3.1362e-08,6.862611E-11,CF,3.418,3.249e-02,0,3.1766e-02,14784, InitialisePrepSampleRun; CheckIfCFRequired; UseCF; SampleTrapped; BalanceRefToSamValue; SampleReady; (BeamTooBig_RunningMisBalanced) ;,4.0906e-08,1.0603e-07,3.0104e-08,9.1074e-08,9.0976e-08,9.0804e-08,0.96,2021/05/19 12:18:35,-27.35,8398,8448,3.2488e-02,46.007,20,8,20,20,0.000,-3.0463e-13,-1.4130e-13,-1.5482e-13,-7.7711e-14,5.0086e-14,7.2885e-12,28.00,28.00,71.91,-1.95e02,-1.59e02,71.91,0.00,71.91,71.91,2021/05/19 11:21:39,2021/05/19 11:59:53,76,2.26485e-08,0.000,0,63,1.62541e-08,6.93948e-10,0,60,1.20250e-02,2.28995e-07,0,60,4.2521e-03,1.5344e-07,0,60,4.9709e-05,2.0379e-09,0,60,4.7495e-06,9.1405e-10,0,60,4.4785e-08,1.5231e-09,0,60,1.1968e-02,1.8971e-07,0,63,4.2038e-03,1.0869e-07,0,63,4.8937e-05,8.6064e-10,0,63,4.6419e-06,4.9751e-10,0,63,5.1024e-08,1.0240e-09,0,63,4.7881,0.0032,0,60,11.4983,0.0103,0,60,15.7873,0.0377,0,60,23.1778,0.1629,0,60,-127.8874,17.7940,0,60,1.8084,0.0031,0,60,5.5322,0.0102,0,60,-0.5101,0.0266,0,60,0.0478,0.1473,0,60,-151.6115,17.3037,0,60,
C:\Nu Stable\Results\2021\20210517 clumped Brazil Antoine powders Nova Olinda fracture FMM,20210517 clumped Brazil Antoine powders Nova Olinda fracture FMM,Data_13684 NO-08.txt,NO-08,C:\Nu Stable\Analyses\DI\CO2 20-6-20 clumped NuCarb.rdf,Clumped CO2 Iterative,2021/05/19 16:05:52,2021/05/19 17:27:47,451,38,1.5299e-07,3.392339E-10,CF,23.651,3.177e-02,1,3.1766e-02,14752, InitialisePrepSampleRun; CheckIfCFRequired; UseCF; SampleTrapped; Chop_CF_SamSub; SampleTrapped; BalanceRefToSamValue; DepletingBalance; SampleReady;,3.9295e-08,1.0575e-07,6.4242e-08,6.4518e-08,6.4472e-08,6.4287e-08,0.96,2021/05/19 17:27:01,0.29,5926,8446,3.1766e-02,46.011,20,8,20,20,0.000,-2.9435e-13,-1.3690e-13,-1.4946e-13,-7.2046e-14,5.7435e-14,7.4449e-12,21.00,21.00,71.93,-1.95e02,-1.68e02,71.93,0.01,71.86,71.93,2021/05/19 16:29:12,2021/05/19 17:09:02,81,4.19801e-08,0.000,0,63,4.17062e-08,1.27360e-09,0,60,1.20130e-02,8.74690e-08,0,60,4.2352e-03,2.8070e-08,0,60,4.9426e-05,1.6878e-09,0,60,4.7095e-06,4.2249e-10,0,60,4.9862e-08,9.3334e-10,0,60,1.1970e-02,8.3864e-08,0,63,4.2047e-03,2.5232e-08,0,63,4.8914e-05,1.6273e-09,0,63,4.6431e-06,4.1434e-10,0,63,5.1506e-08,7.9310e-10,0,63,3.6042,0.0008,0,60,7.2580,0.0016,0,60,10.4627,0.0123,0,60,14.3018,0.0666,0,60,-33.4969,6.8035,0,60,0.6948,0.0009,0,60,1.3150,0.0016,0,60,-0.4164,0.0125,0,60,-0.2630,0.0659,0,60,-50.7877,6.6808,0,60,
C:\Nu Stable\Results\2021\20210517 clumped Brazil Antoine powders Nova Olinda fracture FMM,20210517 clumped Brazil Antoine powders Nova Olinda fracture FMM,Data_13685 ETH-02.txt,ETH-02,C:\Nu Stable\Analyses\DI\CO2 20-6-20 clumped NuCarb.rdf,Clumped CO2 Iterative,2021/05/19 16:05:52,2021/05/19 18:50:00,407,39,1.2900e-07,3.169608E-10,CF,20.142,3.106e-02,1,3.0369e-02,14720, InitialisePrepSampleRun; CheckIfCFRequired; UseCF; SampleTrapped; Chop_CF_SamSub; SampleTrapped; BalanceRefToSamValue; DepletingBalance; SampleReady;,3.8613e-08,1.0584e-07,5.4532e-08,5.4779e-08,5.4737e-08,5.4581e-08,0.96,2021/05/19 18:49:15,0.29,6553,8446,3.1060e-02,46.011,20,8,20,20,0.000,-2.9579e-13,-1.3730e-13,-1.5039e-13,-7.1831e-14,5.9223e-14,7.5764e-12,20.00,20.00,71.93,-1.95e02,-1.73e02,71.93,0.00,71.93,71.93,2021/05/19 17:51:45,2021/05/19 18:30:55,79,3.63907e-08,0.000,0,63,3.61039e-08,1.05410e-09,0,60,1.18855e-02,9.57709e-08,0,60,4.1833e-03,3.8704e-08,0,60,4.8295e-05,8.2736e-10,0,60,4.5871e-06,6.0337e-10,0,60,3.5957e-08,2.0363e-09,0,60,1.1970e-02,1.0117e-07,0,63,4.2046e-03,3.9828e-08,0,63,4.8925e-05,1.0151e-09,0,63,4.6342e-06,6.0768e-10,0,63,4.0191e-08,1.8399e-09,0,63,-7.0192,0.0011,0,60,-5.0611,0.0014,0,60,-12.8847,0.0121,0,60,-10.1649,0.0781,0,60,-140.0475,18.1869,0,60,-10.1844,0.0011,0,60,-10.9212,0.0014,0,60,-0.7153,0.0123,0,60,-0.0691,0.0786,0,60,-124.8894,18.5082,0,60,
C:\Nu Stable\Results\2021\20210517 clumped Brazil Antoine powders Nova Olinda fracture FMM,20210517 clumped Brazil Antoine powders Nova Olinda fracture FMM,Data_13686 ETH-01.txt,ETH-01,C:\Nu Stable\Analyses\DI\CO2 20-6-20 clumped NuCarb.rdf,Clumped CO2 Iterative,2021/05/19 16:05:52,2021/05/19 20:12:19,422,40,1.4377e-07,3.40689E-10,CF,22.186,3.106e-02,1,3.0369e-02,14752, InitialisePrepSampleRun; CheckIfCFRequired; UseCF; SampleTrapped; Chop_CF_SamSub; SampleTrapped; BalanceRefToSamValue; DepletingBalance; SampleReady;,3.8010e-08,1.0574e-07,6.0245e-08,6.0513e-08,6.0496e-08,6.0300e-08,0.96,2021/05/19 20:11:34,0.33,6054,8444,3.1060e-02,46.011,20,8,20,20,0.000,-2.9751e-13,-1.3824e-13,-1.5118e-13,-7.1670e-14,5.9867e-14,7.7301e-12,20.00,21.00,71.93,-1.95e02,-1.58e02,71.93,0.00,71.93,71.93,2021/05/19 19:13:43,2021/05/19 19:53:09,79,3.96977e-08,0.000,0,63,3.94059e-08,1.18245e-09,0,60,1.20280e-02,1.02535e-07,0,60,4.2532e-03,3.9837e-08,0,60,4.9702e-05,2.2366e-09,0,60,4.7565e-06,1.1691e-09,0,60,7.0771e-08,1.2948e-09,0,60,1.1970e-02,9.3473e-08,0,63,4.2049e-03,3.1712e-08,0,63,4.9676e-05,7.2866e-07,0,63,4.6654e-06,1.4151e-08,0,63,3.1062e-07,2.3484e-07,0,63,4.8460,0.0012,0,60,11.4843,0.0025,0,60,4.6208,7.5887,0,60,19.6596,2.0773,0,60,-71.5723,24.7096,0,60,1.8705,0.0012,0,60,5.5182,0.0024,0,60,-11.5434,7.4655,0,60,-3.3635,2.0286,0,60,-96.8542,24.0359,0,60,
C:\Nu Stable\Results\2021\20210517 clumped Brazil Antoine powders Nova Olinda fracture FMM,20210517 clumped Brazil Antoine powders Nova Olinda fracture FMM,Data_13687 NO-43.txt,NO-43,C:\Nu Stable\Analyses\DI\CO2 20-6-20 clumped NuCarb.rdf,Clumped CO2 Iterative,2021/05/19 16:05:52,2021/05/19 21:41:26,427,41,1.3701e-07,3.208579E-10,CF,20.843,3.249e-02,1,3.0369e-02,14720, InitialisePrepSampleRun; CheckIfCFRequired; UseCF; SampleTrapped; Chop_CF_SamSub; SampleTrapped; BalanceRefToSamValue; DepletingBalance; SampleReady;,4.1218e-08,1.0574e-07,5.7735e-08,5.7976e-08,5.7953e-08,5.7767e-08,0.96,2021/05/19 21:40:41,0.32,6603,8449,3.2488e-02,46.007,20,8,20,20,0.000,-2.9613e-13,-1.3758e-13,-1.5050e-13,-7.1588e-14,5.9778e-14,7.6693e-12,20.00,21.00,71.93,-1.95e02,-1.59e02,71.93,0.00,71.93,71.93,2021/05/19 20:35:49,2021/05/19 21:15:29,80,3.82290e-08,0.000,0,63,3.79500e-08,1.12575e-09,0,60,1.20166e-02,1.02392e-07,0,60,4.2330e-03,4.1369e-08,0,60,4.9440e-05,2.0773e-09,0,60,4.7117e-06,9.9729e-10,0,60,7.4485e-08,1.3268e-09,0,60,1.1970e-02,9.7793e-08,0,63,4.2047e-03,3.7478e-08,0,63,4.8936e-05,1.9825e-09,0,63,4.6502e-06,9.3515e-10,0,63,7.6728e-08,1.3676e-09,0,63,3.9184,0.0009,0,60,6.7402,0.0016,0,60,10.2863,0.0130,0,60,13.2025,0.0637,0,60,-28.1902,3.5267,0,60,1.0471,0.0009,0,60,0.7991,0.0016,0,60,-0.4074,0.0129,0,60,-0.3191,0.0626,0,60,-44.9275,3.4658,0,60,
C:\Nu Stable\Results\2021\20210517 clumped Brazil Antoine powders Nova Olinda fracture FMM,20210517 clumped Brazil Antoine powders Nova Olinda fracture FMM,Data_13688 26-RJS-5497.txt,26-RJS-5497,C:\Nu Stable\Analyses\DI\CO2 20-6-20 clumped NuCarb.rdf,Clumped CO2 Iterative,2021/05/19 16:05:52,2021/05/19 23:01:51,462,42,1.0062e-07,2.177911E-10,CF,16.022,3.106e-02,0,3.1766e-02,14752, InitialisePrepSampleRun; CheckIfCFRequired; UseCF; SampleTrapped; BalanceRefToSamValue; DepletingBalance; SampleReady;,4.0612e-08,1.0561e-07,9.6594e-08,9.7242e-08,9.7136e-08,9.7246e-08,0.96,2021/05/19 23:01:06,-0.11,4612,8449,3.1060e-02,46.011,20,8,20,20,0.000,-2.9669e-13,-1.3780e-13,-1.5078e-13,-6.7808e-14,6.8522e-14,8.3765e-12,33.00,32.00,71.93,-1.95e02,-1.68e02,71.93,0.00,71.93,71.93,2021/05/19 22:05:01,2021/05/19 22:44:36,79,4.58341e-08,0.000,0,63,4.39607e-08,2.47144e-09,0,60,1.20334e-02,2.38330e-07,0,60,4.2724e-03,1.1419e-07,0,60,4.9951e-05,1.4431e-09,0,60,4.7862e-06,5.9268e-10,0,60,4.2708e-08,1.8620e-09,0,60,1.1970e-02,2.2344e-07,0,63,4.2051e-03,9.6194e-08,0,63,4.8930e-05,2.1351e-09,0,63,4.6372e-06,5.6291e-10,0,63,4.4953e-08,1.6231e-09,0,63,5.2710,0.0015,0,60,16.0174,0.0047,0,60,20.8596,0.0281,0,60,32.1139,0.0702,0,60,-74.5011,19.0789,0,60,2.1667,0.0015,0,60,10.0284,0.0047,0,60,-0.4113,0.0253,0,60,-0.1720,0.0685,0,60,-107.9908,18.3850,0,60,
C:\Nu Stable\Results\2021\20210517 clumped Brazil Antoine powders Nova Olinda fracture FMM,20210517 clumped Brazil Antoine powders Nova Olinda fracture FMM,Data_13689 FRAC_1-29RA.txt,FRAC_1-29RA,C:\Nu Stable\Analyses\DI\CO2 20-6-20 clumped NuCarb.rdf,Clumped CO2 Iterative,2021/05/19 16:05:52,2021/05/20 00:25:20,435,43,1.4236e-07,3.272599E-10,CF,21.332,3.106e-02,1,3.1060e-02,14720, InitialisePrepSampleRun; CheckIfCFRequired; UseCF; SampleTrapped; Chop_CF_SamSub; SampleTrapped; BalanceRefToSamValue; DepletingBalance; SampleReady;,3.9981e-08,1.0556e-07,5.9856e-08,6.0114e-08,6.0089e-08,5.9904e-08,0.96,2021/05/20 00:24:34,0.31,6291,8448,3.1060e-02,46.009,20,8,20,20,0.000,-2.9752e-13,-1.3822e-13,-1.5112e-13,-7.1642e-14,6.1369e-14,7.8258e-12,20.00,21.00,71.93,-1.95e02,-1.76e02,71.93,0.00,71.93,71.93,2021/05/19 23:27:16,2021/05/20 00:05:01,75,3.94552e-08,0.000,0,63,3.91636e-08,1.17276e-09,0,60,1.20290e-02,1.01913e-07,0,60,4.2696e-03,4.0388e-08,0,60,4.9909e-05,2.7025e-09,0,60,4.7959e-06,1.6569e-09,0,60,8.6589e-08,2.7817e-09,0,60,1.1970e-02,9.8286e-08,0,63,4.2049e-03,3.5692e-08,0,63,4.8938e-05,2.8188e-09,0,63,4.6540e-06,1.5793e-09,0,63,8.6456e-08,2.7634e-09,0,63,4.9414,0.0014,0,60,15.3752,0.0020,0,60,19.8455,0.0137,0,60,30.4867,0.0736,0,60,3.9122,3.3315,0,60,1.8380,0.0015,0,60,9.3900,0.0020,0,60,-0.4450,0.0129,0,60,-0.4850,0.0714,0,60,-30.8656,3.2165,0,60,
C:\Nu Stable\Results\2021\20210517 clumped Brazil Antoine powders Nova Olinda fracture FMM,20210517 clumped Brazil Antoine powders Nova Olinda fracture FMM,Data_13690 ETH-04.txt,ETH-04,C:\Nu Stable\Analyses\DI\CO2 20-6-20 clumped NuCarb.rdf,Clumped CO2 Iterative,2021/05/19 16:05:52,2021/05/20 01:47:15,447,44,1.6775e-07,3.752834E-10,CF,25.360,3.106e-02,1,3.1060e-02,14720, InitialisePrepSampleRun; CheckIfCFRequired; UseCF; SampleTrapped; Chop_CF_SamSub; SampleTrapped; BalanceRefToSamValue; DepletingBalance; SampleReady;,3.9267e-08,1.0593e-07,6.9857e-08,7.0085e-08,7.0063e-08,6.9832e-08,0.96,2021/05/20 01:46:30,0.33,5596,8448,3.1060e-02,46.009,20,8,20,20,0.000,-2.9486e-13,-1.3728e-13,-1.5000e-13,-6.8843e-14,6.5321e-14,8.0708e-12,21.00,21.00,71.93,-1.95e02,-1.59e02,71.93,0.00,71.93,71.93,2021/05/20 00:48:54,2021/05/20 01:28:30,79,4.51164e-08,0.000,0,63,4.48180e-08,1.40026e-09,0,60,1.18843e-02,8.06005e-08,0,60,4.1828e-03,2.5299e-08,0,60,4.8299e-05,3.1483e-09,0,60,4.6088e-06,1.6370e-09,0,60,8.2638e-08,2.3222e-09,0,60,1.1970e-02,8.4831e-08,0,63,4.2048e-03,2.8350e-08,0,63,4.8934e-05,3.1990e-09,0,63,4.6572e-06,1.6097e-09,0,63,8.4772e-08,2.2626e-09,0,63,-7.1611,0.0016,0,60,-5.2266,0.0026,0,60,-12.9665,0.0126,0,60,-10.3873,0.0536,0,60,-26.6617,2.8712,0,60,-10.3296,0.0017,0,60,-11.0856,0.0026,0,60,-0.4873,0.0133,0,60,0.0390,0.0541,0,60,-9.0318,2.9223,0,60,
C:\Nu Stable\Results\2021\20210517 clumped Brazil Antoine powders Nova Olinda fracture FMM,20210517 clumped Brazil Antoine powders Nova Olinda fracture FMM,Data_13691 ETH-03.txt,ETH-03,C:\Nu Stable\Analyses\DI\CO2 20-6-20 clumped NuCarb.rdf,Clumped CO2 Iterative,2021/05/19 16:05:52,2021/05/20 03:09:34,400,45,1.3633e-07,3.408203E-10,CF,20.782,3.106e-02,1,2.9694e-02,14720, InitialisePrepSampleRun; CheckIfCFRequired; UseCF; SampleTrapped; Chop_CF_SamSub; SampleTrapped; BalanceRefToSamValue; DepletingBalance; SampleReady;,3.8560e-08,1.0562e-07,5.7309e-08,5.7558e-08,5.7518e-08,5.7393e-08,0.96,2021/05/20 03:08:49,0.22,6328,8447,3.1060e-02,46.009,20,8,20,20,0.000,-2.9354e-13,-1.3647e-13,-1.4919e-13,-6.9535e-14,6.5965e-14,7.8401e-12,20.00,21.00,71.93,-1.95e02,-1.58e02,71.93,0.00,71.93,71.93,2021/05/20 02:11:11,2021/05/20 02:50:25,78,3.79938e-08,0.000,0,63,3.76989e-08,1.11448e-09,0,60,1.20241e-02,1.19715e-07,0,60,4.2553e-03,5.3409e-08,0,60,4.9723e-05,1.5337e-09,0,60,4.7543e-06,6.7990e-10,0,60,5.5145e-08,6.0600e-10,0,60,1.1969e-02,1.0599e-07,0,63,4.2046e-03,6.6281e-08,0,63,4.8968e-05,4.0559e-08,0,63,4.6444e-06,1.0715e-09,0,63,6.9862e-08,1.3103e-08,0,63,4.5753,0.0026,0,60,12.0422,0.0104,0,60,15.3968,0.6166,0,60,23.6205,0.1383,0,60,-52.3255,21.2774,0,60,1.5632,0.0025,0,60,6.0740,0.0104,0,60,-1.2049,0.6046,0,60,-0.5945,0.1343,0,60,-78.8669,20.6806,0,60,
C:\Nu Stable\Results\2021\20210517 clumped Brazil Antoine powders Nova Olinda fracture FMM,20210517 clumped Brazil Antoine powders Nova Olinda fracture FMM,Data_13692 FRAC_1-29RB.txt,FRAC_1-29RB,C:\Nu Stable\Analyses\DI\CO2 20-6-20 clumped NuCarb.rdf,Clumped CO2 Iterative,2021/05/19 16:05:52,2021/05/20 04:32:00,423,46,1.2382e-07,2.92719E-10,CF,19.165,3.106e-02,1,3.1766e-02,14752, InitialisePrepSampleRun; CheckIfCFRequired; UseCF; SampleTrapped; Chop_CF_SamSub; SampleTrapped; BalanceRefToSamValue; DepletingBalance; SampleReady;,3.8008e-08,1.0562e-07,5.2323e-08,5.2565e-08,5.2542e-08,5.2399e-08,0.96,2021/05/20 04:31:14,0.27,6672,8446,3.1060e-02,46.009,20,8,20,20,0.000,-2.9255e-13,-1.3605e-13,-1.4858e-13,-7.0016e-14,6.2209e-14,7.7087e-12,20.00,20.00,71.93,-1.95e02,-1.71e02,71.93,0.00,71.93,71.93,2021/05/20 03:33:03,2021/05/20 04:12:44,80,3.50756e-08,0.000,0,63,3.47774e-08,1.00383e-09,0,60,1.20373e-02,1.22542e-07,0,60,4.2643e-03,5.4303e-08,0,60,4.9907e-05,3.2866e-09,0,60,4.8017e-06,2.3816e-09,0,60,1.1632e-07,4.6834e-09,0,60,1.1969e-02,1.1324e-07,0,63,4.2046e-03,7.3865e-08,0,63,4.8954e-05,3.2402e-09,0,63,4.6699e-06,2.3328e-09,0,63,1.1603e-07,4.5032e-09,0,63,5.6977,0.0026,0,60,14.2110,0.0129,0,60,19.4854,0.0111,0,60,28.2299,0.0718,0,60,0.6675,2.9962,0,60,2.6830,0.0026,0,60,8.2298,0.0129,0,60,-0.4443,0.0168,0,60,-0.3830,0.0715,0,60,-32.5897,2.8954,0,60,
C:\Nu Stable\Results\2021\20210517 clumped Brazil Antoine powders Nova Olinda fracture FMM,20210517 clumped Brazil Antoine powders Nova Olinda fracture FMM,Data_13693 IAEA-C1.txt,IAEA-C1,C:\Nu Stable\Analyses\DI\CO2 20-6-20 clumped NuCarb.rdf,Clumped CO2 Iterative,2021/05/19 16:05:52,2021/05/20 05:53:45,528,47,2.1014e-07,3.979895E-10,CF,30.609,3.106e-02,1,2.9034e-02,14720, InitialisePrepSampleRun; CheckIfCFRequired; UseCF; SampleTrapped; Chop_CF_SamSub; SampleTrapped; BalanceRefToSamValue; DepletingBalance; SampleReady;,3.7434e-08,1.0551e-07,8.6836e-08,8.6738e-08,8.7329e-08,8.6409e-08,0.96,2021/05/20 05:53:00,1.06,4692,8446,3.1060e-02,46.011,20,8,20,20,0.000,-2.8833e-13,-1.3414e-13,-1.4659e-13,-6.3851e-14,7.3117e-14,8.3354e-12,22.00,23.00,71.93,-1.95e02,-1.69e02,71.93,0.00,71.93,71.93,2021/05/20 04:55:23,2021/05/20 05:35:07,79,5.41211e-08,0.000,0,63,5.41875e-08,1.80261e-09,0,60,1.20333e-02,1.40362e-07,0,60,4.2532e-03,6.2727e-08,0,60,4.9721e-05,3.1600e-09,0,60,4.7627e-06,1.8132e-09,0,60,9.5601e-08,3.6115e-09,0,60,1.1970e-02,1.3127e-07,0,63,4.2049e-03,5.5334e-08,0,63,4.8930e-05,3.2193e-09,0,63,4.6578e-06,1.7898e-09,0,63,9.5921e-08,3.5567e-09,0,63,5.2589,0.0013,0,60,11.4831,0.0033,0,60,16.1730,0.0139,0,60,22.5103,0.0514,0,60,-2.3170,2.0143,0,60,2.3100,0.0013,0,60,5.5161,0.0033,0,60,-0.5984,0.0122,0,60,-0.5744,0.0497,0,60,-29.9012,1.9580,0,60,
C:\Nu Stable\Results\2021\20210517 clumped Brazil Antoine powders Nova Olinda fracture FMM,20210517 clumped Brazil Antoine powders Nova Olinda fracture FMM,Data_13694 FRAC_1-29RC.txt,FRAC_1-29RC,C:\Nu Stable\Analyses\DI\CO2 20-6-20 clumped NuCarb.rdf,Clumped CO2 Iterative,2021/05/19 16:05:52,2021/05/20 07:15:53,453,48,1.5335e-07,3.385235E-10,CF,23.010,3.177e-02,1,3.1060e-02,14752, InitialisePrepSampleRun; CheckIfCFRequired; UseCF; SampleTrapped; Chop_CF_SamSub; SampleTrapped; BalanceRefToSamValue; DepletingBalance; SampleReady;,3.6659e-08,1.0604e-07,6.4099e-08,6.4360e-08,6.4335e-08,6.4113e-08,0.96,2021/05/20 07:15:08,0.35,5652,8446,3.1766e-02,46.011,20,8,20,20,0.000,-2.8431e-13,-1.3231e-13,-1.4456e-13,-6.3749e-14,7.1615e-14,8.1995e-12,21.00,21.00,71.93,-1.95e02,-1.74e02,71.93,0.00,71.93,71.93,2021/05/20 06:17:48,2021/05/20 06:56:54,78,4.19498e-08,0.000,0,63,4.16994e-08,1.26585e-09,0,60,1.20310e-02,1.06773e-07,0,60,4.2609e-03,6.0200e-08,0,60,4.9800e-05,3.5507e-09,0,60,4.7585e-06,5.0227e-10,0,60,4.0342e-08,1.6468e-09,0,60,1.1969e-02,9.1522e-08,0,63,4.2045e-03,2.8307e-08,0,63,4.8914e-05,1.4539e-09,0,63,4.6353e-06,3.2113e-10,0,63,4.0901e-08,1.5769e-09,0,63,5.1581,0.0049,0,60,13.4280,0.0132,0,60,18.1136,0.0670,0,60,26.5503,0.1061,0,60,-13.9913,10.0342,0,60,2.1357,0.0047,0,60,7.4518,0.0131,0,60,-0.4778,0.0487,0,60,-0.4734,0.0827,0,60,-44.7644,9.7258,0,60,
C:\Nu Stable\Results\2021\20210517 clumped Brazil Antoine powders Nova Olinda fracture FMM,20210517 clumped Brazil Antoine powders Nova Olinda fracture FMM,Data_13695 ETH-03.txt,ETH-03,C:\Nu Stable\Analyses\DI\CO2 20-6-20 clumped NuCarb.rdf,Clumped CO2 Iterative,2021/05/19 16:05:52,2021/05/20 08:37:59,428,49,1.4712e-07,3.437476E-10,CF,22.278,3.177e-02,1,3.1060e-02,14752, InitialisePrepSampleRun; CheckIfCFRequired; UseCF; SampleTrapped; Chop_CF_SamSub; SampleTrapped; BalanceRefToSamValue; DepletingBalance; SampleReady;,3.6011e-08,1.0602e-07,6.1652e-08,6.1884e-08,6.1862e-08,6.1654e-08,0.96,2021/05/20 08:37:13,0.34,5734,8450,3.1766e-02,46.011,20,8,20,20,0.000,-2.8472e-13,-1.3258e-13,-1.4489e-13,-6.5244e-14,6.9612e-14,7.9939e-12,21.00,21.00,71.93,-1.95e02,-1.72e02,71.93,0.00,71.93,71.93,2021/05/20 07:39:31,2021/05/20 08:18:53,79,4.04605e-08,0.000,0,63,4.01852e-08,1.21211e-09,0,60,1.20238e-02,8.97337e-08,0,60,4.2547e-03,3.6720e-08,0,60,4.9726e-05,2.5797e-09,0,60,4.7617e-06,1.2568e-09,0,60,7.3902e-08,1.0964e-09,0,60,1.1969e-02,8.7089e-08,0,63,4.2044e-03,3.3339e-08,0,63,4.8933e-05,2.7380e-09,0,63,4.6510e-06,1.2266e-09,0,63,7.4696e-08,1.1481e-09,0,63,4.5662,0.0011,0,60,11.9600,0.0020,0,60,16.2030,0.0129,0,60,23.7924,0.0768,0,60,-8.8181,3.7067,0,60,1.5563,0.0011,0,60,5.9922,0.0020,0,60,-0.3226,0.0126,0,60,-0.2643,0.0741,0,60,-36.4101,3.6033,0,60,
C:\Nu Stable\Results\2021\20210517 clumped Brazil Antoine powders Nova Olinda fracture FMM,20210517 clumped Brazil Antoine powders Nova Olinda fracture FMM,Data_13696 ETH-01.txt,ETH-01,C:\Nu Stable\Analyses\DI\CO2 20-6-20 clumped NuCarb.rdf,Clumped CO2 Iterative,2021/05/19 16:05:52,2021/05/20 10:00:08,415,50,1.4285e-07,3.442143E-10,CF,21.698,3.177e-02,1,2.9034e-02,14752, InitialisePrepSampleRun; CheckIfCFRequired; UseCF; SampleTrapped; Chop_CF_SamSub; SampleTrapped; BalanceRefToSamValue; DepletingBalance; SampleReady;,3.5349e-08,1.0611e-07,5.9967e-08,6.0253e-08,6.0197e-08,6.0037e-08,0.96,2021/05/20 09:59:22,0.27,5768,8448,3.1766e-02,46.007,20,8,20,20,0.000,-2.8336e-13,-1.3197e-13,-1.4410e-13,-6.4881e-14,7.1114e-14,7.9277e-12,20.00,21.00,71.93,-1.95e02,2.77e01,71.93,0.00,71.93,71.93,2021/05/20 09:01:34,2021/05/20 09:41:07,79,3.95315e-08,0.000,0,63,3.92625e-08,1.17180e-09,0,60,1.20269e-02,1.25118e-07,0,60,4.2528e-03,5.1923e-08,0,60,4.9745e-05,7.9361e-09,0,60,4.8023e-06,6.5025e-09,0,60,1.7406e-07,1.3621e-08,0,60,1.1969e-02,1.1735e-07,0,63,4.2041e-03,4.5220e-08,0,63,4.8975e-05,7.6720e-09,0,63,4.6953e-06,6.2741e-09,0,63,1.7457e-07,1.3176e-08,0,63,4.8653,0.0011,0,60,11.5791,0.0020,0,60,15.7142,0.0107,0,60,22.7918,0.0636,0,60,-6.9964,2.2638,0,60,1.8878,0.0011,0,60,5.6125,0.0019,0,60,-0.7397,0.0104,0,60,-0.4890,0.0620,0,60,-34.2292,2.2033,0,60,
